Nombre,Edad,Equipo,Rendimiento,Potencial,Valor en el mercado
E. Haaland,22,Manchester City,91,94,185.0
K. Mbappé,24,Paris Saint Germain,91,94,181.5
K. De Bruyne,32,Manchester City,91,91,103.0
Rodri,27,Manchester City,90,92,129.5
H. Kane,29,FC Bayern München,90,90,119.5
T. Courtois,31,Real Madrid,90,90,63.0
R. Lewandowski,34,FC Barcelona,90,90,58.0
L. Messi,36,Inter Miami,90,90,41.0
Rúben Dias,26,Manchester City,89,90,106.5
Vini Jr.,22,Real Madrid,89,94,158.5
Alisson,30,Liverpool,89,89,68.5
M. Salah,31,Liverpool,89,89,85.5
V. van Dijk,31,Liverpool,89,89,70.5
M. ter Stegen,31,FC Barcelona,89,89,54.5
J. Bellingham,20,Real Madrid,88,92,128.5
F. Valverde,24,Real Madrid,88,91,124.0
L. Martínez,25,Inter,88,90,116.0
Bernardo Silva,28,Manchester City,88,88,91.5
Ederson,29,Manchester City,88,89,70.0
J. Oblak,30,Atlético Madrid,88,88,61.0
A. Griezmann,32,Atlético Madrid,88,88,74.0
Neymar Jr,31,Al Hilal,88-1,88-1,75.5
K. Benzema,35,Al Ittihad,88,88,39.0
F. Wirtz,20,Bayer 04 Leverkusen,87,92,118.5
G. Kobel,25,Borussia Dortmund,87,90,81.5
D. Rice,24,Arsenal,87,88,88.5
V. Osimhen,24,Napoli,87,90,110.0
G. Donnarumma,24,Paris Saint Germain,87,90,85.0
F. de Jong,26,FC Barcelona,87,90,103.5
M. Ødegaard,24,Arsenal,87,90,108.0
M. Maignan,27,Milan,87,90,78.0
J. Kimmich,28,FC Bayern München,87,87,70.0
Bruno Fernandes,28,Manchester United,87,87,79.5
Marquinhos,29,Paris Saint Germain,87,88,73.5
H. Son,30,Tottenham Hotspur,87,87,77.0
T. Kroos,33,Real Madrid,87,87,49.0
M. Neuer,37,FC Bayern München,87,87,9.0
J. Musiala,20,FC Bayern München,86,93,134.5
R. Araujo,24,FC Barcelona,86,91,93.0
Pedri,20,FC Barcelona,86,92,105.0
K. Kvaratskhelia,22,Napoli,86,92,109.0
B. Saka,21,Arsenal,86,90,99.0
Rafael Leão,24,Milan,86,91,102.5
Éder Militão,25,Real Madrid,86,89,80.0
P. Foden,23,Manchester City,86,90,97.5
O. Dembélé,26,Paris Saint Germain,86,87,80.0
T. Alexander-Arnold,24,Liverpool,86,88,81.0
N. Barella,26,Inter,86,87,79.5
S. Milinković-Savić,28,Al Hilal,86,86,68.0
L. Sané,27,FC Bayern München,86,86,72.5
A. Robertson,29,Liverpool,86,86,59.5
P. Dybala,29,Roma,86,86,68.0
João Cancelo,29,FC Barcelona,86,86,59.5
Grimaldo,27,Bayer 04 Leverkusen,86,86,65.5
H. Çalhanoğlu,29,Inter,86,86,66.0
A. Rüdiger,30,Real Madrid,86+1,86+1,55.5
R. Mahrez,32,Al Ahli Jeddah,86,86,54.0
E. Martínez,30,Aston Villa,86,86,45.0
Casemiro,31,Manchester United,86,86,47.5
İ. Gündoğan,32,FC Barcelona,86,86,53.5
W. Szczęsny,33,Juventus,86,86,22.0
Y. Sommer,34,Inter,86,86,11.5
L. Modrić,37,Real Madrid,86,86,21.5
Cristiano Ronaldo,38,Al Nassr,86,86,23.0
Rodrygo,22,Real Madrid,85,91,86.5
W. Saliba,22,Arsenal,85,89,71.0
J. Koundé,24,FC Barcelona,85,89,69.5
A. Bastoni,24,Inter,85,90,73.5
T. Hernández,25,Milan,85,88,66.0
Gabriel,25,Arsenal,85,87,60.0
C. Nkunku,25,Chelsea,85,87,68.5
Unai Simón,26,Athletic Club,85,86,47.5
Diogo Jota,26,Liverpool,85,86,64.5
J. Maddison,26,Tottenham Hotspur,85,86,63.5
G. Di Lorenzo,29,Napoli,85,85,47.5
N. Kanté,32,Al Ittihad,85,85,36.0
K. Coman,27,FC Bayern München,85,85,57.5
D. Berardi,28,Sassuolo,85,85,54.5
Y. Bounou,32,Al Hilal,85,85,26.5
L. Goretzka,28,FC Bayern München,85,85,54.0
S. Mané,31,Al Nassr,85,85,44.5
J. Grealish,27,Manchester City,85,85,57.5
J. Stones,29,Manchester City,85,86,49.5
D. Alaba,31,Real Madrid,85,85,37.0
C. Immobile,33,Lazio,85,85,34.5
K. Trippier,32,Newcastle United,85,85,37.5
J. Frimpong,22,Bayer 04 Leverkusen,84,88,57.0
Gabriel Martinelli,22,Arsenal,84,88,61.5
Bruno Guimarães,25,Newcastle United,84,87,55.5
D. Vlahović,23,Juventus,84,88,61.0
A. Tchouaméni,23,Real Madrid,84,89,58.5
L. Díaz,26,Liverpool,84,84,46.0
G. Vicario,26,Tottenham Hotspur,84,87,42.5
A. Mac Allister,24,Liverpool,84,86,54.5
Bremer,26,Juventus,84,87,49.0
L. Martínez,25,Manchester United,84,87,49.5
Kim Min Jae,26,FC Bayern München,84,86,46.0
F. Chiesa,25,Juventus,84,85,50.5
M. de Ligt,23,FC Bayern München,84,89,57.5
A. Hakimi,24,Paris Saint Germain,84,86,50.5
Raphinha,26,FC Barcelona,84,84,46.0
F. Tomori,25,Milan,84,88,52.5
Palhinha,27,Fulham,84,85,43.0
Álex Remiro,28,Real Sociedad,84,86,36.0
I. Bennacer,25,Milan,84,87,50.5
Marcos Llorente,28,Atlético Madrid,84,84,42.0
Mikel Merino,27,Real Sociedad,84,85,48.0
Rúben Neves,26,Al Hilal,84,86,47.0
L. Hernández,27,Paris Saint Germain,84,84,40.5
R. De Paul,29,Atlético Madrid,84,84,41.0
J. Brandt,27,Borussia Dortmund,84,85,48.5
A. Rabiot,28,Juventus,84,84,42.0
T. Partey,30,Arsenal,84,84,35.5
Y. Carrasco,29,Al Shabab,84,84,41.5
N. Pope,31,Newcastle United,84,84,22.5
Morata,30,Atlético Madrid,84,84,41.5
K. Koulibaly,32,Al Hilal,84,84,27.5
G. Xhaka,30,Bayer 04 Leverkusen,84,84,35.5
Luis Alberto,30,Lazio,84,84,40.5
Koke,31,Atlético Madrid,84,84,29.5
Iago Aspas,35,Celta de Vigo,84,84,18.0
R. Lukaku,30,Roma,84,84,41.5
C. Smalling,33,Roma,84,84,20.0
Parejo,34,Villarreal,84,84,19.5
K. Walker,33,Manchester City,84,84,22.0
Á. Di María,35,Benfica,84,84,17.5
M. Hummels,34,Borussia Dortmund,84,84,13.5
L. Suárez,36,Inter Miami,84,84,14.5
Thiago Silva,38,Chelsea,84,84,7.5
Gavi,18,FC Barcelona,83,90,68.5
Vitinha,23,Paris Saint Germain,83+1,87+1,52.0
D. Núñez,24,Liverpool,83,87,52.5
S. Botman,23,Newcastle United,83,87,47.0
E. Camavinga,20,Real Madrid,83,90,71.5
N. Schlotterbeck,23,Borussia Dortmund,83,86,44.5
J. Álvarez,23,Manchester City,83,87,52.5
V. Tsygankov,25,Girona,83,84,43.5
Dani Olmo,25,RB Leipzig,83,87,50.5
L. Openda,23,RB Leipzig,83,86,50.0
M. Diaby,23,Aston Villa,83,85-1,47.0
Ferran Torres,23,FC Barcelona,83,88,55.0
R. James,23,Chelsea,83,87+2,48.5
I. Konaté,24,Liverpool,83,87,47.0
Diogo Costa,23,Porto,83,89,46.5
A. Ramsdale,25,Arsenal,83,86,37.0
A. Isak,23,Newcastle United,83+1,87+1,52.5
C. Romero,25,Tottenham Hotspur,83,87,45.5
M. Rashford,25,Manchester United,83,84,43.5
D. Malen,24,Borussia Dortmund,83,85,47.0
Gabriel Jesus,26,Arsenal,83,84,43.5
Ronaldo Cabrais,31,Palmeiras,83,83,30.0
Oyarzabal,26,Real Sociedad,83,83-1,39.5
G. Mancini,27,Roma,83,85,38.5
D. Upamecano,24,FC Bayern München,83,86,44.5
Aleix García,26,Girona,83,85,44.5
L. Pellegrini,27,Roma,83,84,42.0
B. Pavard,27,Inter,83,84,36.5
A. Onana,27,Manchester United,83,84,31.0
F. Dimarco,25,Inter,83,85,42.0
G. Rodríguez,28,Real Betis,83,83,32.0
K. Laimer,26,FC Bayern München,83,84,38.0
M. Acuña,31,Sevilla,83,83,26.5
O. Watkins,27,Aston Villa,83+1,83+1,39.5
Marco Asensio,27,Paris Saint Germain,83,83,38.5
Rafa,30,Benfica,83,83,35.5
J. Giménez,28,Atlético Madrid,83,84,34.5
S. Lobotka,28,Napoli,83,83,36.5
M. Brozović,30,Al Nassr,83,83,30.5
A. Christensen,27,FC Barcelona,83,85,38.5
J. Tah,27,Bayer 04 Leverkusen,83,84,36.5
A. Laporte,29,Al Nassr,83,84,33.5
N. Süle,27,Borussia Dortmund,83,85,38.5
A. Romagnoli,28,Lazio,83,83,31.5
J. Hofmann,30,Bayer 04 Leverkusen,83,83,35.0
Fabinho,29,Al Ittihad,83,83,31.0
F. Kostić,30,Juventus,83,83,35.0
Gerard Moreno,31,Villarreal,83,83,30.5
M. Ginter,29,SC Freiburg,83,83,30.5
S. Gnabry,27,FC Bayern München,83,83,38.5
Jorginho,31,Arsenal,83,83,25.5
Carvajal,31,Real Madrid,83,83,26.5
W. Orban,30,RB Leipzig,83,83,30.0
M. Depay,29,Atlético Madrid,83,83,36.5
R. Varane,30,Manchester United,83,83,30.0
F. Acerbi,35,Inter,83,83,9.5
K. Casteels,31,VfL Wolfsburg,83,83,19.0
Sergio Busquets,34,Inter Miami,83,83,12.5
K. Trapp,32,Eintracht Frankfurt,83,83,18.0
E. Džeko,37,Fenerbahçe,83,83,12.5
O. Giroud,36,Milan,83,83,12.5
Sergio Ramos,37,Sevilla,83,83,6.5
G. Mamardashvili,22,Valencia,82,85,33.5
Nico Williams,20,Athletic Club,82,88,47.5
Nuno Mendes,21,Paris Saint Germain,82,87,43.5
J. Gvardiol,21,Manchester City,82,88,44.5
D. Kulusevski,23,Tottenham Hotspur,82,86,43.5
E. Fernández,22,Chelsea,82,88,48.5
B. Dia,26,Salernitana,82,83,36.5
X. Simons,20,RB Leipzig,82,89,60.5
Sancet,23,Athletic Club,82,87,46.0
Pedro Porro,23,Tottenham Hotspur,82,85,38.5
O. Kökçü,22,Benfica,82,86,44.0
C. Gakpo,24,Liverpool,82,86,44.0
D. Livaković,28,Fenerbahçe,82,84,26.0
V. Gyökeres,25,Sporting CP,82+1,87+1,45.0
Pau Torres,26,Aston Villa,82,84,33.5
Pedro Gonçalves,25,Sporting CP,82,85,40.5
T. Koopmeiners,25,Atalanta,82,84,38.0
R. Kolo Muani,24,Paris Saint Germain,82,85,42.0
B. Kamara,23,Aston Villa,82,85,37.5
D. Szoboszlai,22,Liverpool,82,87,47.0
Douglas Luiz,25,Aston Villa,82,84,38.0
K. Havertz,24,Arsenal,82,87,46.0
Y. En-Nesyri,26,Sevilla,82,83,36.5
A. Davies,22,FC Bayern München,82,87,43.5
P. Schick,27,Bayer 04 Leverkusen,82,82,33.0
Lucas Paquetá,25,West Ham United,82,83-2,36.5
R. Le Normand,26,Real Sociedad,82,85,35.5
N. Molina,25,Atlético Madrid,82,85,37.0
Isi Palazón,28,Rayo Vallecano,82,82,30.5
M. Škriniar,28,Paris Saint Germain,82-1,82-1,26.5
B. White,25,Arsenal,82,84,35.0
E. Palacios,24,Bayer 04 Leverkusen,82+1,85,41.5
Brahim,23,Real Madrid,82,86,43.5
F. Kessié,26,Al Ahli Jeddah,82,84,34.0
Josué Chiamulera,31,Athletico Paranaense,82,82,21.0
Lucas Mantela,23,Palmeiras,82,82,26.0
L. Bailey,25,Aston Villa,82,83,36.5
Mario Hermoso,28,Atlético Madrid,82,83,29.0
M. Akanji,27,Manchester City,82,83,30.5
F. Mendy,28,Real Madrid,82,82,27.5
C. Pulisic,24,Milan,82,85,41.5
R. Bentancur,26,Tottenham Hotspur,82,85,39.5
David García,29,Osasuna,82,82,25.5
A. Meret,26,Napoli,82,84,28.5
I. Provedel,29,Lazio,82,82,21.0
L. Torreira,27,Galatasaray,82,82,28.5
Joelinton,26,Newcastle United,82,83,35.5
Malcom,26,Al Hilal,82,82,33.5
M. Locatelli,25,Juventus,82,86,38.5
David Raya,27,Arsenal,82,84,28.0
M. Zaccagni,28,Lazio,82,82,30.5
J. Ledesma,30,Cádiz,82,82,20.5
N. Fekir,29,Real Betis,82,82,30.0
Iñaki Williams,29,Athletic Club,82,82,30.0
S. Guirassy,27,VfB Stuttgart,82+1,82+1,33.0
Á. Correa,28,Atlético Madrid,82,82,31.0
P. Højbjerg,27,Tottenham Hotspur,82,83,31.0
Ricardo Horta,28,Sporting Braga,82,82,30.5
Anderson Talisca,29,Al Nassr,82,82,30.0
R. Andrich,28,Bayer 04 Leverkusen,82,82,27.0
Gayà,28,Valencia,82,82,27.5
Otávio,28,Al Nassr,82,82,30.5
P. Zieliński,29,Napoli,82,82,29.5
F. Schär,31,Newcastle United,82,82,21.0
R. Guerreiro,29,FC Bayern München,82,82,27.0
Fred,30,Fenerbahçe,82,82,29.0
N. Aké,28,Manchester City,82,83,29.0
E. Can,29,Borussia Dortmund,82,82,26.0
L. Trossard,28,Arsenal,82,82,31.0
M. Kovačić,29,Manchester City,82,82,29.5
L. Shaw,27,Manchester United,82,82,29.5
J. Pickford,29,Everton,82,83,23.5
M. Sabitzer,29,Borussia Dortmund,82+1,82+1,29.5
B. Samba,29,Lens,82,83-1,23.5
Iñigo Martínez,32,FC Barcelona,82,82,20.0
R. Sterling,28,Chelsea,82,82,30.5
Sergi Darder,29,Mallorca,82,82,29.5
Nacho Fernández,33,Real Madrid,82,82,14.5
W. Ben Yedder,32,Monaco,82,82,24.5
D. Tadić,34,Fenerbahçe,82,82,14.5
S. de Vrij,31,Inter,82,82,21.0
C. Wilson,31,Newcastle United,82,82,25.5
K. Navas,36,Paris Saint Germain,82-1,82-1,3.4
H. Mkhitaryan,34,Inter,82,82,14.5
B. Leno,31,Fulham,82,82,16.0
N. Otamendi,35,Benfica,82,82,8.0
L. Hrádecký,33,Bayer 04 Leverkusen,82,82,10.0
T. Müller,33,FC Bayern München,82,82,19.0
Thiago,32,Liverpool,82,82,24.0
Jordi Alba,34,Inter Miami,82,82,11.0
M. Reus,34,Borussia Dortmund,82,82,14.5
P. Gulácsi,33,RB Leipzig,82,82,10.0
Joselu,33,Real Madrid,82,82,19.5
Balde,19,FC Barcelona,81,89,53.0
D. Udogie,20,Tottenham Hotspur,81,86,35.5
K. Mitoma,26,Brighton & Hove Albion,81,82,30.5
M. Ugarte,22,Paris Saint Germain,81,86,36.5
M. Carnesecchi,23,Atalanta,81,87,33.0
Zubimendi,24,Real Sociedad,81,86,35.5
V. Boniface,22,Bayer 04 Leverkusen,81+1,86,40.0
E. Tapsoba,24,Bayer 04 Leverkusen,81,85,33.0
D. Hancko,25,Feyenoord,81,84,30.5
Álvaro Valles,25,Las Palmas,81,84,26.5
João Félix,23,FC Barcelona,81,87,41.0
M. Taremi,30,Porto,81,81,25.5
N. González,25,Fiorentina,81,82,31.0
D. Frattesi,23,Inter,81,85,36.5
P. Estupiñán,25,Brighton & Hove Albion,81,83,29.5
T. Kubo,22,Real Sociedad,81,88,52.5
N. Mazraoui,25,FC Bayern München,81,83,29.5
Reinildo,29,Atlético Madrid,81,81,22.5
Brais Méndez,26,Real Sociedad,81,82,30.0
E. Álvarez,25,West Ham United,81,84,31.0
I. Sangaré,25,Nottingham Forest,81,84,31.0
É. Mendy,31,Al Ahli Jeddah,81,81,13.5
Diogo Dalot,24,Manchester United,81,84,32.5
X. Schlager,25,RB Leipzig,81,83,29.0
D. Dumfries,27,Inter,81,81-1,25.0
J. Sancho,23,Borussia Dortmund,81,85,37.0
D. Kamada,26,Lazio,81,82,30.5
Richarlison,26,Tottenham Hotspur,81,83,32.5
A. Lookman,25,Atalanta,81,83,33.0
Oswaldinato,31,Flamengo,81,81,22.0
Nailton Suzuki,27,Atlético Mineiro,81,81,27.5
Welington Dano,23,Atlético Mineiro,81,81,27.0
Adriano Bisesi,31,Bragantino,81,81,22.0
Rosival Dourado,23,Corinthians,81,81,26.5
Adryan Zonta,31,Bragantino,81,81,18.5
M. Thuram,25,Inter,81,84,34.5
Yeray,28,Athletic Club,81,82,24.5
O. Zinchenko,26,Arsenal,81,82,27.5
A. Zambo Anguissa,27,Napoli,81,82,26.5
P. Kimpembe,27,Paris Saint Germain,81,83,27.5
E. Skhiri,28,Eintracht Frankfurt,81,82,25.0
J. Bowen,26,West Ham United,81,81,28.0
Borja Iglesias,30,Bayer 04 Leverkusen,81-1,81-1,25.5
E. Ünal,26,AFC Bournemouth,81,83,32.5
Diego Carlos,30,Aston Villa,81,81,21.0
Y. Tielemans,26,Aston Villa,81,82,30.0
A. Saint-Maximin,26,Al Ahli Jeddah,81,81,28.0
A. Kramarić,32,TSG Hoffenheim,81,81,21.0
S. Fofana,28,Al Ettifaq,81,81,25.5
A. Mitrović,28,Al Hilal,81,81,26.5
D. Zapata,32,Torino,81,81,21.0
R. Loftus-Cheek,27,Milan,81,81,27.5
T. Lemar,27,Atlético Madrid,81,81,27.5
João Mário,30,Benfica,81,81,25.0
V. Grifo,30,SC Freiburg,81,81,25.0
J. McGinn,28,Aston Villa,81+1,81+1,25.5
Rui Silva,29,Real Betis,81,81,17.5
Lucas Vázquez,32,Real Madrid,81,81,18.0
B. Cristante,28,Roma,81,81,25.5
William Carvalho,31,Real Betis,81,81,18.0
S. Haller,29,Borussia Dortmund,81,81,25.5
N. Füllkrug,30,Borussia Dortmund,81,81,25.5
P. Gazzaniga,31,Girona,81,81,13.5
A. Milik,29,Juventus,81,81,25.5
S. Savić,32,Atlético Madrid,81,81,16.5
Mário Rui,32,Napoli,81,81,18.0
Felipe Anderson,30,Lazio,81,81,25.0
M. Icardi,30,Galatasaray,81,81,25.5
Danilo Pereira,31,Paris Saint Germain,81,81,17.5
S. Berghuis,31,Ajax,81,81,21.5
L. Dunk,31,Brighton & Hove Albion,81,81,17.5
Danilo,31,Juventus,81,81,17.5
W. Zaha,30,Galatasaray,81,81,25.0
Isco,31,Real Betis,81,81,21.5
S. Coates,32,Sporting CP,81,81,16.5
O. Baumann,33,TSG Hoffenheim,81,81,8.5
A. Lacazette,32,Olympique Lyonnais,81,81,21.0
M. Götze,31,Eintracht Frankfurt,81,81,21.0
P. Aubameyang,34,Olympique de Marseille,81,81,12.5
T. Alderweireld,34,Antwerp,81,81,8.5
J. Henderson,33,Ajax,81,81,13.0
S. Kjær,34,Milan,81,81,8.5
E. Capoue,34,Villarreal,81,81,12.0
I. Rakitić,35,Al Shabab,81,81,10.5
K. Schmeichel,36,Anderlecht,81,81,2.9
Pepe,40,Porto,81,81,0.0
W. Zaïre-Emery,17,Paris Saint Germain,80+1,90,43.5
Sávio,19,Girona,80,88,45.5
M. van de Ven,22,Tottenham Hotspur,80,86,31.0
Arnau Martínez,20,Girona,80,86,30.5
Gonçalo Inácio,21,Sporting CP,80,87,40.0
J. Veerman,24,PSV,80,84,30.0
A. Al Musrati,27,Beşiktaş,80,81,21.5
K. Adeyemi,21,Borussia Dortmund,80,87,43.0
Vivian,23,Athletic Club,80,84,27.0
S. Boey,22,FC Bayern München,80,85,30.0
M. Olise,21,Crystal Palace,80,88,47.5
Ibañez,24,Al Ahli Jeddah,80,84,27.0
Iván Martín,24,Girona,80,83,28.5
O. Kossounou,22,Bayer 04 Leverkusen,80,86,31.0
S. Chukwueze,24,Milan,80,85,32.0
Y. Fofana,24,Monaco,80,84,27.5
J. Todibo,23,Nice,80,85,29.0
T. Almada,22,Atlanta United,80,88,47.5
M. Kudus,22,West Ham United,80,86,34.0
M. Hjulmand,24,Sporting CP,80,85,29.0
A. Rrahmani,29,Napoli,80,80,17.5
A. Lunin,24,Real Madrid,80+2,85+1,25.5
M. Simakan,23,RB Leipzig,80,85,29.0
J. David,23,LOSC Lille,80,83,29.0
A. Laurienté,24,Sassuolo,80,83,29.0
A. Gordon,22,Newcastle United,80+1,85+1,32.5
A. Dovbyk,26,Girona,80+1,83+1,28.0
E. Elmas,23,RB Leipzig,80,86,33.5
T. Reijnders,24,Milan,80,85,31.5
J. Clauss,30,Olympique de Marseille,80-1,80-1,18.0
Pepê,26,Porto,80,80,23.0
K. Danso,24,Lens,80,83,25.5
J. Foyth,25,Villarreal,80,83,25.5
F. Medina,24,Lens,80,84,27.0
M. Terrier,26,Rennes,80,80,23.0
D. Raum,25,RB Leipzig,80+1,83+1,25.5
David Neres,26,Benfica,80,80,23.0
Y. Bissouma,26,Tottenham Hotspur,80,83,25.0
S. Szymański,24,Fenerbahçe,80,84,30.0
E. Eze,25,Crystal Palace,80,85,31.0
M. Edwards,24,Sporting CP,80-1,83-1,29.0
H. Barnes,25,Newcastle United,80,81,25.0
Y. Herrera,25,Girona,80,82,26.5
Zubeldia,26,Real Sociedad,80,83,24.5
M. Mount,24,Manchester United,80,83,28.5
W. Endo,30,Liverpool,80,80,17.5
F. Aursnes,27,Benfica,80,80,20.5
S. Banza,26,Sporting Braga,80+1,81+1,25.0
Javi Galán,28,Real Sociedad,80,80,19.0
T. Abraham,25,Roma,80,83,28.5
M. Almirón,29,Newcastle United,80,80,20.5
Pepelu,24,Valencia,80,85,29.0
Tony Abranjes,35,Internacional,80,80,5.5
Laure Santeiro,23,Fluminense,80,80,24.5
Heberto Gaúcho,27,Atlético Mineiro,80,80,19.5
Héniton Pires,27,Flamengo,80,80,16.0
Maikel Catarino,27,Corinthians,80,80,20.5
B. Chilwell,26,Chelsea,80,81,22.5
A. Bardakcı,28,Galatasaray,80,80,18.0
A. Wan-Bissaka,25,Manchester United,80,82,24.5
V. Pavlidis,24,AZ Alkmaar,80,83,29.0
André Silva,27,Real Sociedad,80,80,23.0
D. Calabria,26,Milan,80,81,22.5
B. Henrichs,26,RB Leipzig,80,81,22.5
Nuno Santos,28,Sporting CP,80,80,21.0
E. Konsa,25,Aston Villa,80,82,23.5
K. Tierney,26,Real Sociedad,80,82,24.0
Fabián Ruiz,27,Paris Saint Germain,80,80,22.5
G. Lo Celso,27,Tottenham Hotspur,80,80,22.5
Aritz Elustondo,29,Real Sociedad,80,80,17.5
D. Bouanga,28,Los Angeles FC,80,80,21.0
A. Golovin,27,Monaco,80,80,23.0
Álex Berenguer,27,Athletic Club,80,80,22.5
J. Gomez,26,Liverpool,80,83,24.5
A. Marušić,30,Lazio,80,80,18.0
David Soria,30,Getafe,80,80,14.0
V. Rongier,28,Olympique de Marseille,80,80,18.5
V. Muriqi,29,Mallorca,80,80,21.0
J. Omlin,29,Borussia Mönchengladbach,80,81,16.0
M. Pašalić,28,Atalanta,80,80,21.0
J. Weigl,27,Borussia Mönchengladbach,80,81,21.5
H. Lozano,27,PSV,80-1,80-1,22.5
H. Traoré,31,Real Sociedad,80,80,15.5
Álex Moreno,30,Aston Villa,80,80,18.0
M. Politano,29,Napoli,80,80,20.5
G. Rulli,31,Ajax,80,80,11.0
B. Bourigeaud,29,Rennes,80,80,20.5
I. Toney,27,Brentford,80,80,23.0
T. Werner,27,Tottenham Hotspur,80,80,22.5
O. Vlachodimos,29,Nottingham Forest,80,80-2,14.5
M. Flekken,30,Brentford,80,80,14.0
H. Mukhtar,28,Nashville SC,80,80,21.5
H. Ziyech,30,Galatasaray,80,80,20.5
M. de Roon,32,Atalanta,80,80,14.0
Saúl,28,Atlético Madrid,80-1,80-1,21.0
Kepa,28,Real Madrid,80,82,18.0
M. Arnold,29,VfL Wolfsburg,80,80,18.0
T. Savanier,31,Montpellier,80,80,17.5
L. Ocampos,28,Sevilla,80,80,21.0
Ruiz de Galarreta,29,Athletic Club,80,80,20.5
H. Maguire,30,Manchester United,80,80,17.5
L. Spinazzola,30,Roma,80,80,18.0
Suso,29,Sevilla,80,80,20.5
Roberto Firmino,31,Al Ahli Jeddah,80,80,18.0
J. Veretout,30,Olympique de Marseille,80,80,20.0
David López,33,Girona,80,80,10.0
G. Kondogbia,30,Olympique de Marseille,80-1,80-1,20.0
C. Biraghi,30,Fiorentina,80,80,18.0
H. Vanaken,30,Club Brugge,80,80,20.5
L. Unnerstall,32,FC Twente,80,80,10.5
Oriol Romeu,31,FC Barcelona,80,80,15.0
Sergi Roberto,31,FC Barcelona,80,80,15.5
A. Lopes,32,Olympique Lyonnais,80,80,10.5
L. Insigne,32,Toronto,80,80,16.5
Jonathan Viera,33,Almería,80,80,13.0
J. Matip,31,Liverpool,80,80,14.5
N. Gudelj,31,Sevilla,80,80,14.5
A. Areola,30,West Ham United,80,80,14.0
N. Matić,34,Olympique Lyonnais,80,80,7.0
P. Groß,32,Brighton & Hove Albion,80,80,16.5
C. Eriksen,31,Manchester United,80,80,17.5
De Marcos,34,Athletic Club,80,80,7.5
L. de Jong,32,PSV,80,80,17.0
A. Sánchez,34,Inter,80,80,10.5
M. Darmian,33,Inter,80,80,10.0
M. Arnautović,34,Inter,80,80,10.5
Yuri Berchiche,33,Athletic Club,80,80,11.0
F. Muslera,37,Galatasaray,80,80,2.3
Rui Patrício,35,Roma,80,80,2.3
A. Witsel,34,Atlético Madrid,80,80,7.0
H. Lloris,36,Los Angeles FC,80,80,2.3
Raúl Albiol,37,Villarreal,80,80,3.8
Jesús Navas,37,Sevilla,80,80,4.7
G. Ochoa,37,Salernitana,80,80,2.3
António Silva,19,Benfica,79,87-1,35.5
Éderson,23,Atalanta,79,84,26.5
B. Barcola,20,Paris Saint Germain,79+1,86,35.0
Yeremy Pino,20,Villarreal,79,87,38.5
Carlos Augusto,24,Inter,79,82,24.0
C. Palmer,21,Chelsea,79+2,87+3,39.5
Gonçalo Ramos,22,Paris Saint Germain,79,86,36.0
Evanilson,23,Porto,79,84,27.0
P. Hincapié,21,Bayer 04 Leverkusen,79,86,33.0
M. Caicedo,21,Chelsea,79,86,33.5
Antony,23,Manchester United,79,84,26.5
Matheus Nunes,24,Manchester City,79,84,26.5
Beto,25,Everton,79,79,20.0
J. Timber,22,Arsenal,79,86,33.0
L. Chevalier,21,LOSC Lille,79,85,23.0
Samuel Lino,23,Atlético Madrid,79,84,26.5
J. Doku,21,Manchester City,79,87,39.5
Arthur Cabral,25,Benfica,79,82-1,23.5
R. Gravenberch,21,Liverpool,79,86,35.5
A. Bah,25,Benfica,79,82,21.5
S. Giménez,22,Feyenoord,79-1,84-1,27.5
N. Aguerd,27,West Ham United,79,81,18.5
T. Teuma,29,Stade de Reims ,79,79,17.0
Catena,28,Osasuna,79,80,16.5
Lee Kang In,22,Paris Saint Germain,79,86,35.5
A. Buongiorno,24,Torino,79,85,25.0
B. Mbeumo,23,Brentford,79,82,24.0
C. Doucouré,23,Crystal Palace,79,84,24.5
C. Jones,22,Liverpool,79,83,25.5
C. Baumgartner,23,RB Leipzig,79,84,26.5
H. Morita,28,Sporting CP,79,79,17.5
P. Schuurs,23,Torino,79,84,24.0
L. Geertruida,22,Feyenoord,79,84,25.0
N. Vlašić,25,Torino,79,81,22.5
Matheus Cunha,24,Wolverhampton Wanderers,79,83,25.5
N. Casale,25,Lazio,79,82,20.5
N. Lang,24,PSV,79,84,26.5
Marc Cucurella,24,Chelsea,79,83+1,23.5
E. Pinnock,30,Brentford,79,79,14.5
Pedro Neto,23,Wolverhampton Wanderers,79,83,25.0
A. Haidara,25,RB Leipzig,79,82,23.0
C. Gallagher,23,Chelsea,79,83+1,25.0
N. Milenković,25,Fiorentina,79,82,20.5
V. Castellanos,24,Lazio,79,83,25.5
D. Muñoz,27,Crystal Palace,79,80,18.5
T. Souček,28,West Ham United,79,79,15.5
R. Koch,26,Eintracht Frankfurt,79,81,19.0
M. Guendouzi,24,Lazio,79,83,25.0
Luiz Felipe,26,Al Ittihad,79,82,20.5
M. Di Gregorio,25,Monza,79,83,19.0
M. Lazzari,29,Lazio,79,79,15.5
J. Schouten,26,PSV,79,81,19.5
L. Robertone,26,Almería,79,80,20.5
Florentino,23,Benfica,79,84,24.5
E. Reynoso,27,Minnesota United,79,79,18.5
R. Orsolini,26,Bologna,79,79,19.0
D. Henderson,26,Crystal Palace,79,82,17.5
M. Arambarri,27,Getafe,79,79,16.5
D. Lukébakio,25,Sevilla,79,80,21.0
P. Lienhart,26,SC Freiburg,79,80,18.0
Guruzeta,26,Athletic Club,79,80,21.0
Gabri Prestão,31,Internacional,79,79,9.5
Melvin Parrela,23,Bragantino,79,79,18.0
Jorge Andrão,27,Fluminense,79,79,16.5
Adnan Vidual,31,Internacional,79,79,12.5
Diego Essler,23,Atlético Mineiro,79,79,18.5
Emelvinson,35,Bragantino,79,79,1.9
A. Disasi,25,Chelsea,79,83,22.0
R. Krunić,29,Fenerbahçe,79,79,17.0
W. Anton,26,VfB Stuttgart,79+1,80+1,18.0
D. Zakaria,26,Monaco,79,82,20.5
Robert Sánchez,25,Chelsea,79,82,18.0
E. Ávila,29,Real Betis,79,79,17.5
E. Audero,26,Inter,79,82,17.5
Nélson Semedo,29,Wolverhampton Wanderers,79,79,15.5
M. Cash,25,Aston Villa,79,80,19.0
W. Ndidi,26,Leicester City,79,80,18.5
G. Scamacca,24,Atalanta,79,84,27.0
Kaku,28,Al Ain,79,79,17.5
N. Mukiele,25,Paris Saint Germain,79,81,20.0
E. Buendía,26,Aston Villa,79,79,19.0
J. Andersen,27,Crystal Palace,79,81,18.5
S. Amrabat,26,Manchester United,79,82,20.5
H. Martín,30,Mexico,79,79,0.0
R. Gosens,28,FC Union Berlin,79,79,16.0
Dani Ceballos,26,Real Madrid,79,80,20.5
L. Chávez,27,Mexico,79,79,0.0
L. Klostermann,27,RB Leipzig,79,80,17.5
V. Lindelöf,28,Manchester United,79,80,16.5
L. Acosta,29,Cincinnati,79,79,17.0
Pablo Maffeo,25,Mallorca,79,82,21.5
Pau López,28,Olympique de Marseille,79-1,80-1,14.0
R. Tapia,27,Celta de Vigo,79,79,16.5
A. Sørloth,27,Villarreal,79,79,19.0
Álvaro García,30,Rayo Vallecano,79,79,17.0
D. Zappacosta,31,Atalanta,79,79,12.5
Ayoze Pérez,29,Real Betis,79,79,17.0
L. Zelarayán,31,Al Fateh,79,79,14.5
W. Benítez,30,PSV,79,79,11.5
J. Musso,29,Atalanta,79,80,13.5
S. Azmoun,28,Roma,79,79,18.0
M. Lemina,29,Wolverhampton Wanderers,79,79,15.0
Medrán,29,Al Ettifaq,79,79,17.0
Alex Telles,30,Al Nassr,79,79,15.0
José Sá,30,Wolverhampton Wanderers,79,79,11.5
T. Mings,30,Aston Villa,79,79,14.5
S. Dimitrievski,29,Rayo Vallecano,79,79,12.0
C. McGregor,30,Celtic,79,79,14.5
Carles Gil,30,New England,79,79,17.0
C. Mbemba,28,Olympique de Marseille,79,80,16.5
S. Al Dawsari,31,Al Hilal,79,79,14.5
Ricardo Pereira,29,Leicester City,79,79,15.5
C. Günter,30,SC Freiburg,79,79,15.0
Óliver Torres,28,Sevilla,79,79,17.5
E. Forsberg,31,New York RB,79,79,14.5
Matheus,30,Sporting Braga,79,79,11.5
S. Kolašinac,30,Atalanta,79,79,14.5
S. March,28,Brighton & Hove Albion,79,79,17.5
Moi Gómez,29,Osasuna,79,79,17.0
P. Terracciano,33,Fiorentina,79,79,5.5
E. Višća,33,Trabzonspor,79,79,11.0
J. Ward-Prowse,28,West Ham United,79,79,17.5
K. Zouma,28,West Ham United,79,80,16.5
J. Tarkowski,30,Everton,79,79,14.5
Deulofeu,29,Udinese,79,79,17.5
R. Freuler,31,Bologna,79+1,79+1,12.5
F. Rønnow,30,FC Union Berlin,79,79,11.5
L. Digne,29,Aston Villa,79,79,15.5
S. Ortega,30,Manchester City,79,79,11.5
G. Trauner,31,Feyenoord,79,79,12.0
M. Sels,31,Nottingham Forest,79,79,9.5
J. Clasie,32,AZ Alkmaar,79,79,11.5
L. Muriel,32,Orlando City,79,79,14.0
V. Aboubakar,31,Beşiktaş,79,79,15.0
M. Perin,30,Juventus,79,79,11.5
J. Tavernier,31,Rangers,79,79,12.5
J. Cuadrado,35,Inter,79,79,7.0
Ander Herrera,33,Athletic Club,79,79,11.0
S. El Shaarawy,30,Roma,79,79,17.0
B. André,32,LOSC Lille,79,79,11.5
Muniain,30,Athletic Club,79,79,17.0
F. Coquelin,32,Villarreal,79,79,14.0
G. Bonaventura,33,Fiorentina,79,79,11.0
Rafael Tolói,32,Atalanta,79,79,11.5
Azpilicueta,33,Atlético Madrid,79,79,8.5
L. Bonucci,36,Fenerbahçe,79,79,3.1
G. Wijnaldum,32,Al Ettifaq,79-1,79-1,14.0
É. Banega,35,Newell's Old Boys,79,79,7.0
D. Ospina,34,Al Nassr,79,79,3.0
D. Mertens,36,Galatasaray,79,79,5.5
C. Bravo,40,Real Betis,79,79,1.9
S. Mignolet,35,Club Brugge,79,79,1.9
J. Vertonghen,36,Anderlecht,79,79,3.1
E. Lamela,31,Sevilla,79,79,14.5
Ł. Fabiański,38,West Ham United,79,79,1.9
S. Mandanda,38,Rennes,79,79,1.9
Dante,39,Nice,79,79,3.1
O. Diomande,19,Sporting CP,78,86,28.5
F. Gatti,25,Juventus,78,82,17.5
J. Bakayoko,20,PSV,78,87,31.0
C. Lukeba,20,RB Leipzig,78,85,26.0
Miguel Gutiérrez,21,Girona,78,85,27.0
Rodri,23,Real Betis,78,86,31.0
R. Højlund,20,Manchester United,78,89,31.0
M. Gusto,20,Chelsea,78+1,86,29.5
Yan Couto,21,Girona,78,85,28.5
Gabri Veiga,21,Al Ahli Jeddah,78,87-2,31.5
O. Marmoush,24,Eintracht Frankfurt,78,81,19.5
J. Šutalo,23,Ajax,78,84,20.0
W. Pacho,21,Eintracht Frankfurt,78,85,26.5
P. Kalulu,23,Milan,78,85,26.0
G. Raspadori,23,Napoli,78,85,28.5
W. Singo,22,Monaco,78,84,20.5
Riquelme,23,Atlético Madrid,78,84,22.0
A. Colpani,24,Monza,78,85,28.5
B. Brobbey,21,Ajax,78,86,32.0
S. Dest,22,PSV,78,83,20.0
Renan Lodi,25,Al Hilal,78,81,17.0
C. De Ketelaere,22,Atalanta,78,84,22.5
K. Laba,31,Al Ain,78,78,12.0
J. Zirkzee,22,Bologna,78,86,32.0
A. Trubin,21,Benfica,78,86,27.5
M. Wieffer,23,Feyenoord,78,84,20.5
W. Fofana,22,Chelsea,78-1,84,20.5
Moncayola,25,Osasuna,78,83,20.5
F. Balogun,21,Monaco,78,84,23.0
K. Thuram,22,Nice,78,83,21.5
A. Espino,31,Rayo Vallecano,78,78,10.0
J. Ramsey,22,Aston Villa,78,83,21.5
F. Nmecha,22,Borussia Dortmund,78,84,22.5
Fran García,23,Real Madrid,78,85,27.0
M. Greenwood,21,Getafe,78,85,28.5
G. Reyna,20,Nottingham Forest,78,84,22.0
Eric García,22,Girona,78,83,19.5
Trincão,23,Sporting CP,78+1,84+1,22.0
V. Coufal,30,West Ham United,78,78,12.0
L. Majer,25,VfL Wolfsburg,78,81,18.5
D. Undav,26,VfB Stuttgart,78,78,15.5
De Frutos,26,Rayo Vallecano,78,78,15.5
L. Balerdi,24,Olympique de Marseille,78+1,83+1,19.0
A. Saelemaekers,24,Bologna,78,82,20.0
K. Mavropanos,25,West Ham United,78,82,17.5
P. Rajković,27,Mallorca,78,81,14.0
J. Wind,24,VfL Wolfsburg,78,81,19.5
M. Guéhi,22,Crystal Palace,78,84,20.5
Miranda,23,Real Betis,78,84,21.0
A. Gouiri,23,Rennes,78,81,19.0
M. O'Riley,22,Celtic,78+1,86+1,31.5
M. Nzola,26,Fiorentina,78,79,17.0
E. Smith Rowe,22,Arsenal,78,84,22.5
A. Skov Olsen,23,Club Brugge,78,83,21.0
E. Zhegrova,24,LOSC Lille,78,81,19.0
M. Pessina,26,Monza,78,79-2,16.5
Galeno,25,Porto,78,79,17.0
N. Maksimović,28,Getafe,78,78,14.0
E. Demirović,25,FC Augsburg,78,81,19.0
W. McKennie,24,Juventus,78,80,18.0
Rodrigo Becão,27,Fenerbahçe,78,80,15.0
M. Bułka,23,Nice,78,85,24.0
N. Zaniolo,23,Aston Villa,78-1,81+1,19.0
K. Dewsbury-Hall,24,Leicester City,78,81,19.0
J. Willock,23,Newcastle United,78,83,21.0
M. Berisha,25,TSG Hoffenheim,78,81,19.0
S. McTominay,26,Manchester United,78,79,15.0
Cucho Hernández,24,Columbus Crew,78,83,21.5
A. Barák,28,Fiorentina,78,78,14.0
M. Kean,23,Juventus,78,85,28.5
E. Ndicka,23,Roma,78,83,19.0
A. Danjuma,26,Everton,78,78,15.5
M. Gibbs-White,23,Nottingham Forest,78,82,20.0
Fran Beltrán,24,Celta de Vigo,78-1,82-1,18.5
E. Sánchez,23,Mexico,78,83,0.0
F. Kadıoğlu,23,Fenerbahçe,78,83,20.0
J. Quiñones,26,Mexico,78,79,0.0
Marcão,27,Sevilla,78,81,16.0
Carlos Soler,26,Paris Saint Germain,78,79,16.5
L. Sinisterra,24,AFC Bournemouth,78,82,20.0
T. Tomiyasu,24,Arsenal,78,83,20.0
J. Ito,30,Stade de Reims ,78,78,13.5
D. Doekhi,25,FC Union Berlin,78,80,15.5
Caio Henrique,25,Monaco,78,81,17.0
L. Jović,25,Milan,78,80,18.0
J. Bijlow,25,Feyenoord,78,81,14.5
R. Malinovskyi,30,Genoa,78,78,13.5
A. Lafont,24,Nantes,78,81,15.0
R. Del Castillo,27,Stade Brestois 29,78,78,15.0
G. Montiel,26,Nottingham Forest,78,79,15.0
Renato Sanches,25,Roma,78,81,18.5
Arthur,26,Fiorentina,78,79,16.5
Matheus Reis,28,Sporting CP,78,79,13.5
Jonatão Praz,23,Flamengo,78,78,16.0
Jason Bardeira,23,Corinthians,78,78,16.5
Fredditinho,35,Palmeiras,78,78,6.0
Arturo Inálcio,23,Flamengo,78,78,16.0
Guilson Paiva,27,Flamengo,78,78,15.0
Albertinho Dutra,31,São Paulo,78,78,11.5
Hediselton,23,Bragantino,78,78,15.0
Pedrão Tofico,27,Flamengo,78,78,13.0
Zervandro,23,Internacional,78,78,14.0
Wellington Sabrão,35,Flamengo,78,78,4.3
Gerson Armão,23,Internacional,78,78,15.0
J. Aidoo,27,Celta de Vigo,78,80,15.0
P. Lees-Melou,30,Stade Brestois 29,78,78,12.0
J. Ryerson,25,Borussia Dortmund,78,79,15.5
S. Sensi,27,Inter,78,78,15.0
D. Sow,26,Sevilla,78,79,16.5
A. Robinson,25,Fulham,78,79,15.5
B. van den Boomen,27,Ajax,78,78,15.0
L. García,25,AEK Athens,78,81,19.0
Borja Mayoral,26,Getafe,78,79,17.0
Pedraza,27,Villarreal,78,78,13.5
L. Haraslín,27,Sparta Praha,78,78,15.0
M. Dmitrović,31,Sevilla,78,78,7.5
A. Batalla,27,Granada,78,80,13.0
T. Minamino,28,Monaco,78,78,14.5
Hwang Hee Chan,27,Wolverhampton Wanderers,78,78,15.0
N. Pépé,28,Trabzonspor,78,78,14.0
S. Bergwijn,25,Ajax,78,79,17.0
O. Boscagli,25,PSV,78,80,15.5
J. Butez,28,Antwerp,78,79,11.0
G. Castrovilli,26,Fiorentina,78,79,16.5
Joan Jordán,28,Sevilla,78-1,78-1,14.0
R. Bensebaini,28,Borussia Dortmund,78,78,12.5
M. Schwäbe,28,FC Köln,78,79-2,11.0
M. Lopez,25,Fiorentina,78,81,18.5
Sergio Herrera,30,Osasuna,78,79,10.5
A. Nübel,26,VfB Stuttgart,78,80,13.0
S. Posch,26,Bologna,78,81,17.0
D. Dibusz,32,Ferencváros,78,78,7.0
J. Gradit,30,Lens,78,78,11.5
S. Driussi,27,Austin,78,78,15.0
F. Honorat,26,Borussia Mönchengladbach,78,78,15.5
D. Sánchez,27,Galatasaray,78,79,14.0
Angeliño,26,Roma,78,79,15.0
S. Benrahma,27,Olympique Lyonnais,78,78,15.0
Diego Rico,30,Getafe,78,78,12.0
M. Dúbravka,34,Newcastle United,78,78,2.4
A. Sanabria,27,Torino,78,78,15.0
P. Ciurria,28,Monza,78,78,14.0
Paulinho,30,Sporting CP,78,78,14.0
Morales,35,Villarreal,78,78,6.0
A. Miranchuk,27,Atalanta,78,78,15.0
G. Cuéllar,30,Al Shabab,78-1,78-1,12.0
J. Lerma,28,Crystal Palace,78,78,12.5
N. Bentaleb,28,LOSC Lille,78,78,12.5
Diego Llorente,29,Roma,78,78,12.0
P. Frankowski,28,Lens,78,78,12.5
K. Demirbay,29,Galatasaray,78,78,13.5
N. Tagliafico,30,Olympique Lyonnais,78,78,12.0
Rubén García,29,Osasuna,78,78,14.0
Emerson,28,West Ham United,78,78,12.5
G. Laborde,29,Nice,78,78,14.0
Romarinho,32,Al Ittihad,78,78,11.0
A. Belotti,29,Fiorentina,78,78,14.0
R. Saïss,33,Al Shabab,78,78,6.5
B. Djimsiti,30,Atalanta,78,78,11.5
J. Veltman,31,Brighton & Hove Albion,78,78,10.0
Felipe,34,Nottingham Forest,78,78,4.6
A. Webster,28,Brighton & Hove Albion,78,78,12.0
L. Paredes,29,Roma,78,78,13.5
T. Stepanenko,33,Shakhtar Donetsk,78,78,7.0
S. Johnstone,30,Crystal Palace,78,78,9.5
Y. Mvogo,29,Lorient,78,79,11.0
J. Blaswich,32,RB Leipzig,78,78,7.0
E. Dier,29,FC Bayern München,78,78,12.0
Ismaily,33,LOSC Lille,78,78,7.5
M. Bizot,32,Stade Brestois 29,78,78,7.0
Campaña,30,Las Palmas,78,78,13.5
M. Gregoritsch,29,SC Freiburg,78,78,14.0
M. Riemann,34,VfL Bochum 1848,78,78,2.4
M. Ryan,31,AZ Alkmaar,78,78,7.5
A. Oxlade-Chamberlain,29,Beşiktaş,78,78,13.5
Dani Rodríguez,35,Mallorca,78,78,6.0
Marc Bartra,32,Real Betis,78,78,9.0
D. Burn,31,Newcastle United,78,78,9.5
Juanmi,30,Cádiz,78,78,13.5
S. Aurier,30,Galatasaray,78,78,12.0
K. Kampl,32,RB Leipzig,78,78,11.0
Neto,33,AFC Bournemouth,78,78,4.6
R. Pereyra,32,Udinese,78,78,11.0
K. Manolas,32,Salernitana,78,78,9.0
Marcos Alonso,32,FC Barcelona,78,78,9.5
D. Blind,33,Girona,78,78,6.5
M. Silvestri,32,Udinese,78,78,7.0
M. Antonio,33,West Ham United,78,78,9.0
Guaita,36,Celta de Vigo,78,78,1.6
B. Mee,33,Brentford,78,78,6.5
Pedro,35,Lazio,78,78,6.0
C. Stuani,36,Girona,78,78,4.8
Adán,36,Sporting CP,78-1,78-1,1.6
S. Romero,36,Boca Juniors,78,78,1.6
A. Candreva,36,Salernitana,78,78,4.8
Marcelo Grohe,36,Al Ittihad,78,78,1.6
A. Consigli,36,Sassuolo,78,78,1.6
H. Herrera,33,Houston Dynamo,78,78,8.5
João Gomes,22,Wolverhampton Wanderers,77,84,20.0
João Neves,18,Benfica,77+1,88+1,22.0
Igor Paixão,23,Feyenoord,77,83,16.5
Q. Hartman,21,Feyenoord,77,83,16.0
Đ. Petrović,23,Chelsea,77+1,84+2,18.0
T. Baldanzi,20,Roma,77,87,23.0
G. Scalvini,19,Atalanta,77,87,21.0
Moleiro,19,Las Palmas,77,87,23.0
S. Rahimi,27,Al Ain,77,77,11.0
A. Güler,18,Real Madrid,77,88,22.0
Vanderson,22,Monaco,77,84,20.5
T. Livramento,20,Newcastle United,77,85,22.0
M. Uzuni,28,Granada,77,77,11.0
Francisco Conceição,20,Porto,77+1,84,21.0
A. Varela,21,Porto,77,84,20.0
B. Šeško,20,RB Leipzig,77,86,23.5
E. Wahi,20,Lens,77,84,21.0
P. Sarr,20,Tottenham Hotspur,77,83,16.5
Aitor Paredes,23,Athletic Club,77+1,81,13.5
N. Jackson,22,Chelsea,77,84+1,21.5
F. Parisi,22,Fiorentina,77,86,22.5
A. Cambiaso,23,Juventus,77,84,20.0
I. Ilić,22,Torino,77,85,23.5
J. Juranović,27,FC Union Berlin,77,77,10.0
João Mário,23,Porto,77,82,15.0
Álex Baena,21,Villarreal,77,83,17.0
A. Theate,23,Rennes,77,81,13.5
A. Stach,24,TSG Hoffenheim,77,80,14.5
A. Onana,21,Everton,77,83,15.5
Fábio Vieira,23,Arsenal,77,83,16.5
A. Truffert,21,Rennes,77,81,14.5
A. Adli,23,Bayer 04 Leverkusen,77,84,21.5
L. Badé,23,Sevilla,77,84,19.5
N. Rovella,21,Lazio,77,86,23.5
T. Moffi,24,Nice,77,81,15.5
O. Dorley,24,Slavia Praha,77,81,14.0
P. Wimmer,22,VfL Wolfsburg,77,83,17.0
M. Bard,22,Nice,77,82,15.0
Ansu Fati,20,Brighton & Hove Albion,77-1,85-3,23.0
L. Krejčí,24,Sparta Praha,77,84,19.5
Q. Timber,22,Feyenoord,77,84,21.5
B. Johnson,22,Tottenham Hotspur,77,83,17.0
Kirian,27,Las Palmas,77,77,11.0
A. Stiller,22,VfB Stuttgart,77+1,80,14.5
Thierry Correia,24,Valencia,77,82,15.0
J. Branthwaite,21,Everton,77,86,22.0
Edgar,26,Almería,77,80,12.0
Emerson Royal,24,Tottenham Hotspur,77,79,12.5
M. Solomon,23,Tottenham Hotspur,77,82,16.0
Bryan Gil,22,Tottenham Hotspur,77,83,17.0
M. Camara,23,Monaco,77,82,14.5
M. Caqueret,23,Olympique Lyonnais,77,81,15.0
E. Le Fée,23,Rennes,77,83,16.5
M. Mudryk,22,Chelsea,77,84,21.5
H. Elliott,20,Liverpool,77,85,23.0
K. Despodov,26,PAOK,77,77,11.5
K. Furuhashi,28,Celtic,77,77,11.0
M. Kilman,26,Wolverhampton Wanderers,77,81,13.0
Reguilón,26,Brentford,77,78,11.5
J. Teze,23,PSV,77,82,15.0
M. Shaparenko,24,Dynamo Kyiv,77,82,16.0
Luís Maximiano,24,Almería,77,81,12.0
B. Sosa,25,Ajax,77,80,13.0
Hugo Duro,23,Valencia,77,81,15.5
Y. Sugawara,23,AZ Alkmaar,77,80,13.5
Riqui Puig,23,LA Galaxy,77+1,82+1,16.0
R. Aït-Nouri,22,Wolverhampton Wanderers,77,83,16.0
B. Badiashile,22,Chelsea,77,83,15.5
R. Faivre,24,AFC Bournemouth,77,80,14.5
N. Okafor,23,Milan,77,84,21.5
Stephen Eustáquio,26,Porto,77-1,79-1,11.5
M. Barrow,24,Al Taawon,77,82,16.0
L. Ferguson,23,Bologna,77,82,16.0
Luis Milla,28,Getafe,77,77,10.5
C. Führich,25,VfB Stuttgart,77,78,12.5
M. Retegui,24,Genoa,77,84,21.5
A. Nwakaeme,34,Al Fayha,77,77,5.0
O. Skipp,22,Tottenham Hotspur,77,82,15.0
Junior Messias,32,Genoa,77,77,8.5
Unai Núñez,26,Celta de Vigo,77,80,12.0
Y. Moukoko,18,Borussia Dortmund,77,87,22.5
M. Olivera,25,Napoli,77,80,13.0
R. Baku,25,VfL Wolfsburg,77,80,13.0
J. Beste,24,Heidenheim,77,80,14.5
O. Alderete,26,Getafe,77,80,12.0
S. Kalajdžić,25,Eintracht Frankfurt,77,79,13.5
G. Giakoumakis,28,Atlanta United,77,77,11.0
D. Zagadou,24,VfB Stuttgart,77,79,12.0
M. Demiral,25,Al Ahli Jeddah,77,81,13.0
T. Malacia,23,Manchester United,77,82,15.0
A. Guðmundsson,26,Genoa,77,78,12.5
N. Domínguez,25,Nottingham Forest,77,82,14.0
S. Bueno,24,Wolverhampton Wanderers,77,82,14.5
S. Longstaff,25,Newcastle United,77,80,14.0
R. Alvarado,24,Mexico,77,80,0.0
J. Kluivert,24,AFC Bournemouth,77,82,16.0
C. Stengs,24,Feyenoord,77,81,15.0
E. Barco,24,River Plate,77,80,14.5
C. Ünder,25,Fenerbahçe,77,78,12.5
C. Kouamé,25,Fiorentina,77,80,14.0
V. Nelsson,24,Galatasaray,77,80,13.0
G. Konan,27,Al Fayha,77,77,10.0
Y. Diouf,23,Stade de Reims ,77,82,13.0
T. Ndombele,26,Galatasaray,77,78,12.5
M. Moreno,28,Lanús,77,77,10.5
S. Özcan,25,Borussia Dortmund,77,79,12.0
F. Neuhaus,26,Borussia Mönchengladbach,77,78,12.5
Y. Wissa,26,Brentford,77,77,11.5
J. Mæhle,26,VfL Wolfsburg,77,79,12.0
J. Ikoné,25,Fiorentina,77,80,14.0
Gedson Fernandes,24,Beşiktaş,77-1,82-1,16.0
H. Ito,24,VfB Stuttgart,77+1,80,13.0
A. El Mahdioui,27,Al Taawon,77,78,11.0
R. Sallai,26,SC Freiburg,77,77,11.5
Dodô,24,Fiorentina,77,81,14.0
A. Afif,26,Qatar,77,77,0.0
H. Cuypers,26,Chicago Fire,77,78,12.5
T. Adams,24,AFC Bournemouth,77,79,12.5
R. Doan,25,SC Freiburg,77,78-1,12.5
K. Tsimikas,27,Liverpool,77,78,11.0
Ç. Söyüncü,27,Fenerbahçe,77,78,10.5
M. Wöber,25,Borussia Mönchengladbach,77,79,11.5
I. Diop,26,Fulham,77,79,11.5
Rafa Mir,26,Sevilla,77,80,14.0
U. Sadiq,26,Real Sociedad,77,78,12.5
L. Blas,25,Rennes,77,78,12.5
T. Awoniyi,25,Nottingham Forest,77,80,14.0
Lucas Perri,25,Olympique Lyonnais,77,82,12.5
Sidney Pessinho,31,Internacional,77,77,7.5
Murildo Kauê,23,Palmeiras,77,77,12.0
Victorio Jabim,27,Palmeiras,77,77,10.0
Rodrigo Vuarte,31,Atlético Mineiro,77,77,7.5
Jadsinho Mei,27,Flamengo,77,77,10.0
Andeson Trigo,35,Fluminense,77,77,3.2
Wagner Laranjo,39,Palmeiras,77,77,2.1
Claudio Coíntra,27,Palmeiras,77,77,11.0
Enzo Chissano,31,Palmeiras,77,77,7.5
Leander Baia,35,Atlético Mineiro,77,77,3.2
L. Nmecha,24,VfL Wolfsburg,77,82,16.0
C. Montes,26,Almería,77,80,12.0
Rubén Alcaraz,32,Cádiz,77,77,8.5
M. Jensen,27,Brentford,77,77,11.0
B. Heynen,26,Genk,77,78,12.5
M. Svanberg,24,VfL Wolfsburg,77,80,14.5
L. Martínez Quarta,27,Fiorentina,77,80,12.0
G. Prömel,28,TSG Hoffenheim,77,77,10.5
C. Carter-Vickers,25,Celtic,77,82,14.0
M. Mittelstädt,26,VfB Stuttgart,77,78,11.5
F. Sotoca,32,Lens,77,77,8.5
J. St. Juste,26,Sporting CP,77,80,12.0
V. Janssen,29,Antwerp,77,77,10.5
U. Çakır,27,Trabzonspor,77-1,79-1,9.5
M. Niakhaté,27,Nottingham Forest,77,79,11.0
D. Solanke,25,AFC Bournemouth,77,79,13.5
Lekue,30,Athletic Club,77+1,77+1,9.0
İ. Kahveci,27,Fenerbahçe,77,77,11.0
N. Amiri,26,FSV Mainz 05,77,78,12.5
J. Bamba,27,Celta de Vigo,77,77,11.0
V. Milinković-Savić,26,Torino,77,81,11.5
R. Henry,25,Brentford,77,78,11.5
J. Boga,26,Nice,77,77,11.5
Gonçalo Guedes,26,Villarreal,77,78,12.5
K. Phillips,27,West Ham United,77,78,11.0
J. Rodríguez,29,Portland Timbers,77,77,10.5
W. Weghorst,30,TSG Hoffenheim,77,77,10.5
R. Aguilar,30,Lens,77,77,9.0
R. Karsdorp,28,Roma,77,77,10.5
B. Embolo,26,Monaco,77,78,12.5
N. Elvedi,26,Borussia Mönchengladbach,77,78,11.0
D. Calvert-Lewin,26,Everton,77,78,12.5
N. Eliasson,27,AEK Athens,77+2,77+2,11.0
A. Živković,26,PAOK,77,77,11.5
P. Billing,27,AFC Bournemouth,77,78,12.0
D. Gray,27,Al Ettifaq,77,77,11.0
H. Hateboer,29,Atalanta,77,77,9.5
M. Vecino,31,Lazio,77,77,8.5
B. Santamaria,28,Rennes,77,77,9.5
M. Valjent,27,Mallorca,77,79,11.0
S. Gigot,29,Olympique de Marseille,77-1,77-1,9.0
G. Escalante,30,Cádiz,77,77,10.0
G. Maripán,29,Monaco,77,78,9.5
M. Dahoud,27,VfB Stuttgart,77-1,77-1,11.0
D. Djené,31,Getafe,77,77,7.0
A. Blake,32,Philadelphia Union,77,77,5.0
G. Simeone,27,Napoli,77,77,11.5
K. Tete,27,Fulham,77,77,10.0
M. Sportiello,31,Milan,77,77,5.5
I. Fernández,33,River Plate,77,77,6.5
Y. Sabaly,30,Real Betis,77,77,9.0
L. Montipò,27,Hellas Verona,77,80,10.5
F. Armani,36,River Plate,77,77,1.2
P. Díaz,28,River Plate,77,77,9.0
J. Mojica,30,Osasuna,77,77,9.0
A. Hamdallah,32,Al Ittihad,77,77,8.5
A. Iwobi,27,Fulham,77,77,11.0
F. Bernardeschi,29,Toronto,77,77,10.5
Y. Gerhardt,29,VfL Wolfsburg,77,77,10.5
A. Djiku,28,Fenerbahçe,77,78,10.0
N. Stanciu,30,Damac,77,77,10.0
Bruma,28,Sporting Braga,77,77,10.5
D. Cataldi,28,Lazio,77,77,9.5
A. Martial,27,Manchester United,77,77,11.5
J. Quintero,30,Racing Club,77,77,10.0
D. Machís,30,Cádiz,77,77,10.0
R. Ghezzal,31,Beşiktaş,77,77,8.5
Raúl De Tomás,28,Rayo Vallecano,77,77,11.0
R. Gauld,27,Vancouver Whitecaps,77,77,11.5
Andreas Pereira,27,Fulham,77,77,11.0
A. Januzaj,28,Sevilla,77,77,10.5
A. Bakasetas,30,Panathinaikos,77,77,10.0
Lucas Torró,28,Osasuna,77,77,9.5
Y. Poulsen,29,RB Leipzig,77,77,10.5
M. Weiser,29,Werder Bremen,77,77,9.5
A. Plea,30,Borussia Mönchengladbach,77,77,10.0
B. Davies,30,Tottenham Hotspur,77,77,8.5
S. Umtiti,29,LOSC Lille,77,77,9.0
F. Fajr,34,Al Wahda,77,77,4.9
Juan Bernat,30,Benfica,77,77,9.0
Héctor Bellerín,28,Real Betis,77,77,9.5
I. Balliu,31,Rayo Vallecano,77,77,7.5
T. Hazard,30,Anderlecht,77,77,10.0
Gabriel Paulista,32,Atlético Madrid,77,77,7.0
B. Lecomte,32,Montpellier,77,77,5.0
K. Volland,30,FC Union Berlin,77,77,10.5
J. Cillessen,34,NEC,77,77,1.8
Álex Fernández,30,Cádiz,77+2,77+2,10.0
Pablo Sarabia,31,Wolverhampton Wanderers,77,77,8.5
F. Lejeune,32,Rayo Vallecano,77,77,7.0
Y. Rakitskyi,33,Shakhtar Donetsk,77,77,5.0
C. Dawson,33,Wolverhampton Wanderers,77,77,5.0
G. Pezzella,32,Real Betis,77,77,7.0
R. Rodríguez,30,Torino,77,77,8.5
Aitor,32,Osasuna,77,77,5.0
M. Braithwaite,32,Espanyol,77,77,8.5
T. Delaney,31,Anderlecht,77-1,77-1,7.5
Jaume Costa,35,Mallorca,77,77,3.2
Alex Sandro,32,Juventus,77,77,7.0
Illarramendi,33,Dallas,77,77,6.5
Ł. Skorupski,32,Bologna,77,77,5.0
R. Bürki,32,Saint Louis City,77,77,5.0
A. Budimir,31,Osasuna,77,77,9.0
Oscar,31,Shanghai Port,77,77,8.5
E. Choupo-Moting,34,FC Bayern München,77,77,5.0
A. Vidal,36,Colo-Colo,77,77,3.3
I. Perišić,34,Hajduk Split,77,77,4.9
Willian,34,Fulham,77,77,4.9
E. Cavani,36,Boca Juniors,77,77,3.6
Marcano,36,Porto,77,77,1.9
Ó. Trejo,35,Rayo Vallecano,77,77,4.3
Vesga,30,Athletic Club,77,77,10.0
J. Milner,37,Brighton & Hove Albion,77,77,3.3
Marcos Leonardo,20,Benfica,76,85,16.5
Vitor Roque,18,FC Barcelona,76,88,17.5
Danilo,22,Nottingham Forest,76,81,10.5
Pablo Barrios,20,Atlético Madrid,76,86,16.5
Álvaro Djaló,23,Sporting Braga,76,82,12.0
F. Chaïbi,20,Eintracht Frankfurt,76,86,16.5
Gabriel Sara,24,Norwich City,76+2,82+3,12.0
A. Vermeeren,18,Atlético Madrid,76,87,15.0
L. Yoro,17,LOSC Lille,76,86,14.5
Alejandro Garnacho,19,Manchester United,76,87,16.0
Mika Mármol,22,Las Palmas,76,85,15.5
Geny Catamo,22,Sporting CP,76+2,83,15.0
J. Kiwior,23,Arsenal,76,83,14.0
Diego López,21,Valencia,76,84,17.0
B. Locko,21,Stade Brestois 29,76,82,11.5
L. Colwill,20,Chelsea,76+1,83,14.0
S. Beukema,24,Bologna,76,81,10.0
V. Birmančević,25,Sparta Praha,76+1,77+1,9.0
M. Batna,33,Al Fateh,76,76,4.7
M. Braida,26,San Lorenzo,76,78,8.5
Toti Gomes,24,Wolverhampton Wanderers,76,82,11.0
K. Aktürkoğlu,24,Galatasaray,76,79,10.0
E. Agbadou,26,Stade de Reims ,76,80,9.0
N. Seiwald,22,RB Leipzig,76,84,17.0
A. Knauff,21,Eintracht Frankfurt,76,81,11.5
M. Tillman,21,PSV,76,84,17.0
C. Puertas,24,Union Saint-Gilloise,76,80,10.5
M. Thiaw,21,Milan,76,84,15.5
Morato,22,Benfica,76,84,15.5
R. Hatate,25,Celtic,76,79,10.0
Y. Ndayishimiye,24,Nice,76,81,10.5
Nico González,21,Porto,76,82,11.0
N. Madueke,21,Chelsea,76,83,15.0
S. Ricci,21,Torino,76,86,16.0
A. Kalimuendo,21,Rennes,76,79,10.5
A. Martínez,30,Racing Club,76,76,7.5
H. Boudaoui,23,Nice,76,79,10.0
M. Trésor,24,Burnley,76-2,80-2,11.0
L. Ivanušec,24,Feyenoord,76,79,10.0
Tiago Djaló,23,Juventus,76,82,11.0
Daniel Bragança,24,Sporting CP,76+2,83+2,15.0
S. Abdul Samed,23,Lens,76,79,9.5
C. Summerville,21,Leeds United,76,84,17.0
L. Brassier,23,Stade Brestois 29,76,82,11.0
T. Holeš,30,Slavia Praha,76-1,76-1,6.0
J. Stanišić,23,Bayer 04 Leverkusen,76,81,10.5
K. Koné,22,Borussia Mönchengladbach,76,84,17.0
A. Hickey,21,Brentford,76,82,11.5
J. Dina Ebimbe,22,Eintracht Frankfurt,76,81,11.5
I. Maatsen,21,Borussia Dortmund,76,84,16.0
F. Panák,27,Sparta Praha,76,77,7.5
Tuta,23,Eintracht Frankfurt,76,80,9.5
P. Šulc,22,Viktoria Plzeň,76+1,80+1,11.0
E. Díaz,27,River Plate,76,76,7.0
S. Abdulhamid,23,Al Hilal,76,81,10.5
A. Hložek,20,Bayer 04 Leverkusen,76,83,15.0
B. Diakité,22,LOSC Lille,76,82,11.5
R. Sottil,24,Fiorentina,76,81,11.5
Valery,23,Girona,76,81,11.5
L. Beltrán,22,Fiorentina,76,83,15.5
Adrià Pedrosa,25,Sevilla,76,81,10.0
J. Lindstrøm,23,Napoli,76,82,12.0
G. Rutter,21,Leeds United,76,86,17.0
L. Barreiro Martins,23,FSV Mainz 05,76,82,12.0
L. Suárez,25,Almería,76,79,10.0
M. Salisu,24,Monaco,76,81,10.0
S. Diop,23,Nice,76,81,11.5
P. Musa,25,Dallas,76,79,10.0
Puado,25,Espanyol,76,79,10.0
G. Bushchan,29,Dynamo Kyiv,76,76,5.0
V. Mykolenko,24,Everton,76,80,10.0
V. Buyalskyi,30,Dynamo Kyiv,76,76,7.0
M. Lacroix,23,VfL Wolfsburg,76,84,15.5
A. Bayındır,25,Manchester United,76,79,7.5
Y. Adli,22,Milan,76,82,11.0
Óscar Valentín,28,Rayo Vallecano,76,76,6.5
D. McNeil,23,Everton,76,81,11.5
O. Solet,23,Salzburg,76,83,14.0
S. Córdova,26,Mexico,76,79,0.0
Aitor Ruibal,27,Real Betis,76,76,7.0
J. El Yamiq,31,Al Wahda,76,76,5.0
Igor,25,Brighton & Hove Albion,76,81,10.0
Gorosabel,26,Deportivo Alavés,76,77,8.0
T. Mitchell,23,Crystal Palace,76,81,10.5
H. Traorè,23,Napoli,76,80,11.0
C. Hudson-Odoi,22,Nottingham Forest,76,81,11.5
M. Merentiel,27,Boca Juniors,76,76,8.0
Carles Pérez,25,Celta de Vigo,76,77,9.0
A. Gomes,22,LOSC Lille,76,83,15.0
S. Niakaté,23,Sporting Braga,76,81,10.0
A. Boupendza,26,Cincinnati,76,76,8.0
K. Wagner,26,Philadelphia Union,76,77,8.0
A. Matusiwa,25,Rennes,76,79,9.0
J. Chabot,25,FC Köln,76,80,9.5
Abel Ruiz,23,Sporting Braga,76,82,12.0
M. Gómez,26,Cádiz,76,77,9.0
M. Pongračić,25,Lecce,76,80,9.5
Michael,27,Al Hilal,76,76,8.0
J. Campaz,23,Rosario Central,76,80,11.0
U. Antuna,25,Mexico,76,77,0.0
M. Tavernier,24,AFC Bournemouth,76,79,10.0
Davidson,32,İstanbul Başakşehir,76,76,6.0
E. Nketiah,24,Arsenal,76,80,11.0
A. Dreyer,25,Anderlecht,76,78,9.5
S. Lukić,26,Fulham,76,77,9.0
Melendo,25,Granada,76-1,78-1,9.5
M. Senesi,26,AFC Bournemouth,76,78,8.0
R. Marin,27,Empoli,76,77,8.5
E. Ampadu,22,Leeds United,76,82,11.0
G. Til,25,PSV,76,79,10.0
M. Munetsi,27,Stade de Reims ,76,77,8.5
I. Sarr,25,Olympique de Marseille,76,77,9.0
R. Nicolaisen,26,Toulouse,76,79,8.5
V. Janelt,25,Brentford,76,80,9.5
W. Faes,25,Leicester City,76,78,8.5
Toni Martínez,26,Porto,76,78,9.5
V. Rosier,26,Nice,76,77,8.0
Diogo Leite,24,FC Union Berlin,76,80,9.5
Jota,24,Al Ittihad,76,79,10.0
Evander,25,Portland Timbers,76+1,78+1,9.5
O. Mangala,25,Olympique Lyonnais,76,79,10.0
Odriozola,27,Real Sociedad,76,76,7.0
A. Laïdouni,26,FC Union Berlin,76,78,8.5
R. Kristensen,25,Roma,76,78,8.5
M. Turner,29,Nottingham Forest,76,78,6.0
K. Itakura,26,Borussia Mönchengladbach,76,78,8.0
R. Aliendro,32,River Plate,76,76,6.0
L. Malagón,26,Mexico,76,80,0.0
K. Kairinen,24,Sparta Praha,76,80,10.5
S. Ascacíbar,26,Estudiantes,76,77,9.0
M. Grujić,27,Porto,76,76,8.0
A. Harit,26,Olympique de Marseille,76-1,77-1,9.0
J. Harrison,26,Everton,76,76,8.0
J. Karlsson,24,Bologna,76,79,10.0
P. Jensen,25,Sparta Praha,76,79,7.5
T. Chalobah,23,Chelsea,76,80,9.5
Cryzan,26,Shandong Taishan,76,77,9.0
M. Diakhaby,26,Valencia,76,79,8.5
M. Gaćinović,28,AEK Athens,76,76,7.5
Rafael Cachoira,23,Bragantino,76,76,7.5
Simão Acunha,35,Atlético Mineiro,76,76,3.1
Jairzinho Aníbal,31,Bragantino,76,76,5.0
David Seijalbo,27,Atlético Mineiro,76,76,7.0
Rubem Esteiro,35,Palmeiras,76,76,3.1
Nicolás Filhei,27,Palmeiras,76,76,8.0
Nelsildo Reis,23,Cruzeiro,76,79,8.0
Fred Aníbão,31,Athletico Paranaense,76,76,4.0
Cris Laranjeiros,31,Athletico Paranaense,76,76,5.0
Antonaldinho,35,Atlético Mineiro,76,76,2.0
Silas Almeim,31,Cruzeiro,76,76,5.5
Á. Montero,28,Millonarios,76,78,6.5
M. Matviienko,27,Shakhtar Donetsk,76,78,8.0
J. Rodon,25,Leeds United,76,80,9.5
H. Moukoudi,25,AEK Athens,76,79,9.0
K. Dolberg,25,Anderlecht,76,78,9.5
F. Grillitsch,27,TSG Hoffenheim,76,77,7.5
J. Cullen,27,Burnley,76,77,7.5
K. Walker-Peters,26,Southampton,76,77,8.0
C. Guanca,30,Al Taawon,76,76,7.0
S. Spierings,27,Toulouse,76,77,7.5
L. Tousart,26,FC Union Berlin,76,80,9.5
Andrei Girotto,31,Al Taawon,76,76,5.0
Pablo Fornals,27,Real Betis,76,76,8.0
T. Kehrer,26,Monaco,76,78,8.0
S. Mavididi,25,Leicester City,76,78,9.5
K. Iheanacho,26,Leicester City,76,76,8.5
E. Bailly,29,Villarreal,76,76,6.5
R. Mandragora,26,Fiorentina,76,79,9.5
H. Diallo,28,Al Shabab,76,76,7.5
O. Pineda,27,AEK Athens,76,76,8.0
Z. Çelik,26,Roma,76,76,7.5
Luis Rioja,29,Deportivo Alavés,76,76,7.5
Fábio Martins,29,Al Khaleej,76,76,7.5
K. Ajer,25,Brentford,76,81,10.0
N. Olij,27,Sparta Rotterdam,76,79,7.5
S. Becker,28,Real Sociedad,76,76,7.5
F. Cervi,29,Celta de Vigo,76,76,7.5
T. Castagne,27,Fulham,76,76,7.0
H. Winks,27,Leicester City,76,77,7.5
P. Berg,25,Bodø / Glimt,76,80,9.5
T. Adarabioyo,25,Fulham,76,81,10.0
L. Boyé,27,Granada,76,76,8.0
J. Staněk,27,Slavia Praha,76+1,77+1,6.5
Lee Jae Sung,30,FSV Mainz 05,76,76,7.0
D. van de Beek,26,Eintracht Frankfurt,76,76-2,8.0
D. Machado,29,Lens,76,76,6.5
S. Luperto,26,Empoli,76,79,8.5
C. Lenglet,28,Aston Villa,76,76,6.5
Munir,27,Las Palmas,76,76,8.0
M. Borja,30,River Plate,76,76,7.5
N. Figal,29,Boca Juniors,76,76,6.5
G. Nkoudou,28,Damac,76,76,7.5
C. Tolisso,28,Olympique Lyonnais,76,76,6.5
C. Arango,28,Real Salt Lake,76,76,7.5
J. De Sart,28,Gent,76,76,7.5
M. Simon,27,Nantes,76,76,8.0
Wendell,29,Porto,76,76,6.5
I. Bebou,29,TSG Hoffenheim,76,76,7.5
Dani García,33,Athletic Club,76,76,4.6
M. Cornet,26,West Ham United,76,76,8.0
B. Petković,28,Dinamo Zagreb,76,76,7.5
G. Herrera,31,Talleres Córdoba,76,76,4.0
J. Burrai,32,Barcelona Guayaquil,76,76,3.7
T. Kleindienst,27,Heidenheim,76+1,76+1,8.0
Helton Leite,32,Antalyaspor,76,76,3.7
Fábio Cardoso,29,Porto,76-1,76-2,6.5
C. Akpom,27,Ajax,76,76,8.0
L. Abergel,30,Lorient,76,76,6.5
A. Tameze,29,Torino,76+1,76+1,6.5
R. Khedira,29,FC Union Berlin,76,76,6.5
M. Dembélé,26,Al Ettifaq,76,77,9.0
P. Gollini,28,Napoli,76,78,6.5
M. Sanson,28,Nice,76,76,7.5
E. Hysaj,29,Lazio,76,76,6.5
C. Nørgaard,29,Brentford,76,76,6.5
W. Falcone,28,Lecce,76,78,6.5
M. Halstenberg,31,Hannover 96,76,76,5.0
A. Hegazi,32,Al Ittihad,76,76,4.9
K. Mbabu,28,FC Augsburg,76,76,7.0
R. Steffen,31,Lugano,76,76,6.0
C. Burgess,31,Union Saint-Gilloise,76,76,5.0
C. Goodwin,31,Al Wahda,76,76,6.0
Carlinhos,29,Portimonense,76+1,76+1,7.5
J. Vardy,36,Leicester City,76,76,2.6
A. Thomasson,29,Lens,76,76,7.5
R. Pröpper,29,FC Twente,76,76,6.5
Clinton Mata,30,Olympique Lyonnais,76,76,6.5
P. Mantalos,31,AEK Athens,76,76,6.0
A. Doucouré,30,Everton,76-1,76-1,7.0
Willian Arão,31,Panathinaikos,76,76,5.0
M. Keane,30,Everton,76,76,6.0
F. Vázquez,34,Cremonese,76,76,3.5
Manu Trigueros,31,Villarreal,76,76,6.0
Y. Abdelhamid,35,Stade de Reims ,76,76,2.0
J. Ferri,31,Montpellier,76,76,5.0
M. Stevanović,32,Servette,76,76,6.0
Patric,30,Lazio,76,76,6.0
J. Murphy,28,Newcastle United,76,76,7.5
M. De Sciglio,30,Juventus,76,76,6.5
João Paulo,32,Seattle Sounders,76,76,5.0
Alberto Moreno,30,Villarreal,76,76,6.5
Bernard,30,Panathinaikos,76,76,7.0
Fernando,33,Almería,76,76,2.4
Portu,31,Girona,76,76,6.0
L. Advíncula,33,Boca Juniors,76,76,3.9
M. Batshuayi,29,Fenerbahçe,76,76,7.5
K. Stöger,29,VfL Bochum 1848,76,76,7.5
J. Brooks,30,TSG Hoffenheim,76,76,6.0
B. De Cordova-Reid,30,Fulham,76,76,7.0
J. Lascelles,29,Newcastle United,76,76,6.5
D. Klaassen,30,Inter,76,76,7.0
J. Butland,30,Rangers,76,76,5.0
G. Caprari,29,Monza,76,76,7.5
W. Boly,32,Nottingham Forest,76,76,4.9
T. Meunier,31,Trabzonspor,76,76,5.5
J. Gouweleeuw,31,FC Augsburg,76,76,5.0
M. Rojo,33,Boca Juniors,76,76,3.6
A. Mandi,31,Villarreal,76,76,5.0
Cristian Tello,31,Al Fateh,76,76,6.0
S. Rode,32,Eintracht Frankfurt,76,76,5.0
M. Ozdoev,30,PAOK,76,76,7.0
N. Höfler,33,SC Freiburg,76,76,3.7
R. Barkley,29,Luton Town,76,76,7.5
D. D'Ambrosio,34,Monza,76,76,2.4
Sérgio Oliveira,31,Galatasaray,76-1,76-1,6.0
Pizzi,33,Sporting Braga,76,76,4.6
M. Ducksch,29,Werder Bremen,76-1,76-1,7.5
D. Ings,30,West Ham United,76,76,7.5
T. Cairney,32,Fulham,76,76,6.0
Willian José,31,Real Betis,76,76,6.5
F. Kainz,30,FC Köln,76,76,7.0
R. Cabella,33,LOSC Lille,76,76,4.7
I. Gueye,33,Everton,76,76,3.7
C. Trimmel,36,FC Union Berlin,76,76,1.7
K. Vogt,31,FC Union Berlin,76,76,5.0
S. Zuber,31,AEK Athens,76,76,6.5
A. Cresswell,33,West Ham United,76,76,3.9
Aridane,34,Rayo Vallecano,76,76,2.4
M. Lanzini,30,River Plate,76,76,7.0
Taison,35,PAOK,76,76,3.1
L. Stindl,34,Karlsruher SC,76,76,3.5
Y. M'Vila,33,West Bromwich Albion,76,76,3.7
F. Borini,32,Sampdoria,76,76,6.0
O. Ighalo,34,Al Wahda,76,76,3.6
A. Ogbonna,35,West Ham United,76,76,2.0
A. Lallana,35,Brighton & Hove Albion,76,76,3.1
D. Wass,34,Brøndby,76,76,3.5
José Fonte,39,Sporting Braga,76,76,1.3
Raúl García,36,Athletic Club,76,76,2.6
João Moutinho,36,Sporting Braga,76,76,2.4
Santi Cazorla,38,Real Oviedo,76,76,2.4
Lucas Beraldo,19,Paris Saint Germain,75,86,11.5
S. Sazonov,21,Torino,75,82,10.5
Natan,22,Napoli,75,84,12.0
M. Abu Fani,25,Ferencváros,75,78-1,7.5
O. Gloukh,19,Salzburg,75,86,12.0
R. Lewis,18,Manchester City,75,86,11.5
Alexsandro,23,LOSC Lille,75,80,7.5
Jota Silva,23,Vitória SC,75+2,80+1,8.5
A. Veliz,19,Sevilla,75,85,12.0
F. Miretti,19,Juventus,75,88,13.5
M. Folorunsho,25,Hellas Verona,75,78,7.5
G. Hernández,25,San Lorenzo,75,80,7.5
F. Baschirotto,26,Lecce,75,77,6.0
M. Tel,18,FC Bayern München,75,88,13.0
G. Álvarez,23,Getafe,75,82,10.5
Saúl Coco,24,Las Palmas,75,82,10.5
G. Restes,18,Toulouse,75,87,11.5
M. Akliouche,21,Monaco,75,84,12.5
D. Ruiz,21,Millonarios,75,84,12.5
Agirrezabala,22,Athletic Club,75+1,83,11.0
Vitinha,23,Genoa,75,79,8.0
Andrew,22,Gil Vicente,75-1,84,11.0
Copete,23,Mallorca,75,83,11.5
L. Gondou,22,Argentinos Juniors,75,82,11.5
A. Mandous,31,Slavia Praha,75,75,3.0
Vinicius Souza,24,Sheffield United,75,82,10.5
A. Zorgane,23,Sporting Charleroi,75,80,8.5
R. Onyedika,22,Club Brugge,75+1,82+1,10.5
M. Baturina,20,Dinamo Zagreb,75,84,12.5
Sergi Cardona,23,Las Palmas,75,80,8.0
N. Zalewski,21,Roma,75,82,11.0
Q. Merlin,21,Olympique de Marseille,75+1,82,11.0
M. Keita,21,Antwerp,75,83,12.0
I. Ndiaye,23,Olympique de Marseille,75,80,8.5
C. Medina,21,Boca Juniors,75,84,12.5
M. Kerkez,19,AFC Bournemouth,75,85,11.5
S. Adingra,21,Brighton & Hove Albion,75+1,82,11.5
Pedro Chirivella,26,Nantes,75,78,6.5
S. Weissman,27,Salernitana,75,75,6.0
L. Dendoncker,28,Napoli,75,75,5.5
Simão Donatinho,27,Corinthians,75,75,4.3
R. Knoche,31,FC Union Berlin,75,75,3.8
Luís Hernández,34,Cádiz,75,75,1.8
E. Loiodice,22,Las Palmas,75,84,12.5
Jonny,29,PAOK,75,75,4.9
Matheus Henrique,25,Sassuolo,75,78,7.5
F. Fabra,32,Boca Juniors,75,75,3.9
R. Nelson,23,Arsenal,75,81,9.0
Z. Steffen,28,Colorado Rapids,75,75,4.0
Elildo Petri,27,Palmeiras,75,75,6.0
Douglas Augusto,26,Nantes,75,76,6.5
G. Bou,33,Talleres Córdoba,75,75,3.6
V. Černý,25,VfL Wolfsburg,75,76,6.5
C. Bassey,23,Fulham,75,83,11.5
R. Rey,32,Independiente,75,75,2.8
P. De la Vega,22,Seattle Sounders,75,84,12.5
Trezeguet,28,Trabzonspor,75,75,5.5
Z. Youssouf,23,Famalicão,75,80,8.5
A. Florenzi,32,Milan,75,75,3.9
M. Livaja,29,Hajduk Split,75,75,5.5
K. Grabara,24,København,75,81,7.0
F. Farías,20,Inter Miami,75,85,12.5
I. De Arruabarrena,26,Arouca,75,79,6.0
K. Olsson,28,Midtjylland,75,75,5.5
J. Correa,28,Olympique de Marseille,75,75,6.0
D. Welbeck,32,Brighton & Hove Albion,75,75,4.6
M. Targett,27,Newcastle United,75,75,5.5
D. Szymański,28,AEK Athens,75,76,5.5
D. Brooks,25,Southampton,75,76,6.5
D. Vida,34,AEK Athens,75,75,1.8
R. Jiménez,32,Fulham,75,75,4.6
Carlos Júnior,27,Al Shabab,75,75,6.0
H. Wilson,26,Fulham,75,75,6.0
Costinha,23,Rio Ave,75,82,10.5
C. Bakambu,32,Real Betis,75,75,4.6
J. Pavlenka,31,Werder Bremen,75,75,3.0
M. Mohamed,25,Nantes,75,78,7.5
Rubén Peña,31,Osasuna,75,75,4.1
Vitor Hugo,32,Panathinaikos,75,75,3.6
J. Lundstram,29,Rangers,75,75,4.8
M. Zetterer,27,Werder Bremen,75,77,5.0
Enaldo Praz,39,Corinthians,75,75,1.2
E. Ponce,26,AEK Athens,75,76,6.5
N. Keïta,28,Werder Bremen,75-1,75-1,5.5
P. Gueye,24,Olympique de Marseille,75-1,78-1,7.5
B. Osayi-Samuel,25,Fenerbahçe,75,77,6.5
R. Bazoer,26,AZ Alkmaar,75,76,6.0
B. Cortés,28,Colo-Colo,75,76,4.5
Iago,26,FC Augsburg,75,76,6.0
M. Rashica,27,Beşiktaş,75,75,6.0
C. Bacca,36,Junior,75,75,1.9
Embarba,31,Almería,75,75,4.7
M. Nastasić,30,Mallorca,75,75,4.6
Walexinton,31,Athletico Paranaense,75,75,3.0
J. Nsame,30,Como,75,75,5.5
N. Nández,27,Cagliari,75,75,6.0
Chris Ramos,26,Cádiz,75,76,6.5
F. Di Francesco,29,Palermo,75,75,5.5
Iván Jaime,22,Porto,75,83,12.5
P. Hrošovský,31,Genk,75,75,3.9
Jailson Caeiro,31,Cruzeiro,75,75,4.1
N. Dorsch,25,FC Augsburg,75,79,7.0
A. Maier,24,FC Augsburg,75,78,7.5
Pablo Marí,29,Monza,75,75,4.7
S. Rodríguez,30,Alianza Lima,75,75,5.5
C. Coady,30,Leicester City,75,75,4.6
Pep Biel,26,FC Augsburg,75,75,6.0
J. Roussillon,30,FC Union Berlin,75,75,4.8
S. Colombatto,26,Real Oviedo,75,78,6.5
L. Dubois,28,İstanbul Başakşehir,75,75,5.0
J. Sornoza,29,Independiente del Valle,75,75,5.5
David Costa,22,Lens,75,80,8.5
N. Amrabat,36,AEK Athens,75,75,1.8
G. Fernández,31,Boca Juniors,75,75,4.6
K. Toko Ekambi,30,Al Ettifaq,75,75,5.5
Luiz Júnior,22,Famalicão,75,83,11.0
Samu,27,Vizela,75,75-1,6.0
L. Romo,28,Mexico,75,75,0.0
Y. Bisseck,22,Inter,75,85,12.0
G. Martínez,30,River Plate,75,75,5.5
H. Sudakov,20,Shakhtar Donetsk,75,85,12.5
R. Žulj,31,LASK Linz,75,75,4.8
Ander Guevara,25,Deportivo Alavés,75,78,7.5
C. Richards,23,Crystal Palace,75,79,7.0
Estevão Candeira,27,Flamengo,75,75,5.5
B. Traoré,27,Villarreal,75,75,6.0
Elieser Baldeiro,27,Flamengo,75,75,5.0
Rubén Duarte,27,Deportivo Alavés,75,75,5.5
Aurélio Buta,26,Eintracht Frankfurt,75,75,6.0
J. King,31,Fenerbahçe,75,75,4.8
P. van Aanholt,32,PSV,75,75,3.9
A. Velasco,20,Dallas,75,84,12.5
S. Meïté,29,PAOK,75,75,4.8
J. Ferreira,22,Dallas,75,80,8.5
Juli Freitinho,23,Grêmio,75,75,5.5
G. Maggiore,25,Salernitana,75,78,7.5
Iñigo Vicente,25,Racing Santander,75,76,6.5
E. Pérez,37,Estudiantes,75,75,1.1
C. Espinoza,28,San Jose Earthquakes,75,75,5.5
D. Kuzyaev,30,Le Havre,75,75,5.5
B. Dejaegere,32,Charlotte,75,75,4.4
Domingos Duarte,28,Getafe,75,75,4.8
P. Kadeřábek,31,TSG Hoffenheim,75,75,4.1
L. Ajorque,29,FSV Mainz 05,75-1,75-1,5.5
R. Saponara,31,Ankaragücü,75,75,4.7
M. Jenz,24,VfL Wolfsburg,75,79,7.0
W. Omari,23,Rennes,75,79,7.0
I. Grbić,27,Sheffield United,75,78,5.5
André Ramalho,31,PSV,75,75,3.8
G. Mikautadze,22,Metz,75+1,83,12.5
J. Le Douaron,25,Stade Brestois 29,75,76-2,6.5
Tetê,23,Galatasaray,75,80,8.5
I. Hien,24,Atalanta,75,82,10.5
J. van Hecke,23,Brighton & Hove Albion,75+1,80+1,7.5
Víctor Gómez,23,Sporting Braga,75,82,10.5
S. Widmer,30,FSV Mainz 05,75,75,4.8
I. Baba,27,Almería,75,75,6.0
A. Sørensen,27,Sparta Praha,75,77,6.0
J. Vestergaard,30,Leicester City,75,75,4.6
M. Aebischer,26,Bologna,75,76,6.0
A. Bondarenko,22,Shakhtar Donetsk,75,84,12.5
E. Millot,20,VfB Stuttgart,75,83,12.5
Leo Vimieiro,27,São Paulo,75,75,5.5
M. Damsgaard,22,Brentford,75,82,11.5
Mauro Júnior,24,PSV,75,80,8.0
Víctor Chust,23,Cádiz,75,81,8.0
Dênildo Stein,39,Cruzeiro,75,75,1.9
M. Ojeda,24,Orlando City,75,77,7.5
D. Silva,36,Millonarios,75,75,1.8
A. Pellegrino,33,San Jose Earthquakes,75,75,3.5
Emilio Piodão,31,Grêmio,75,75,3.9
D. Man,24,Parma,75,78,7.5
Y. Mina,28,Cagliari,75,75,4.8
R. Sessegnon,23,Tottenham Hotspur,75,80,8.0
A. Johnston,24,Celtic,75+1,79+1,7.5
J. Castelletto,28,Nantes,75,76,5.5
Kevin,30,Celta de Vigo,75,75,4.8
Jorginhson,31,Cruzeiro,75,75,3.9
S. Gustafson,28,Sweden,75,75,0.0
Mingueza,24,Celta de Vigo,75,80,8.0
W. Zimmerman,30,Nashville SC,75,75,4.6
B. Chardonnet,28,Stade Brestois 29,75,76,5.5
A. Rebić,29,Beşiktaş,75,75,5.5
F. Zuqui,31,Estudiantes,75,75,4.6
J. Evans,35,Manchester United,75,75,1.5
A. Maxim,32,Gaziantep F.K.,75,75,4.5
Guilherme Sityá,33,Konyaspor,75,75,2.9
T. Dallinga,22,Toulouse,75,84,12.5
André Gomes,29,Everton,75,75,4.8
R. Villagra,22,River Plate,75,82,10.5
M. Al Tamari,26,Montpellier,75,76,6.5
D. Rugani,28,Juventus,75,76,5.5
M. Eggestein,26,SC Freiburg,75,76,6.0
S. Pavlović,22,Salzburg,75,83,12.0
Aimar Oroz,21,Osasuna,75,83,12.5
S. Lovrič,25,Udinese,75,78,7.5
R. Yates,25,Nottingham Forest,75,79,7.0
C. Roberts,27,Leeds United,75,75,5.5
C. Wood,31,Nottingham Forest,75,75,4.8
J. Ayew,31,Crystal Palace,75,75,4.7
Walace,28,Udinese,75,75,4.9
Formosandrinho,31,Atlético Mineiro,75,75,4.8
J. Chotard,21,Montpellier,75,81,8.5
M. Uth,31,FC Köln,75,75,4.7
P. Rosario,26,Nice,75,78,6.5
J. Justin,25,Leicester City,75-1,76-1,6.0
Eric Curbelo,29,Las Palmas,75,75,4.7
T. Chancalay,24,New England,75,78,7.5
F. Dahmen,25,FC Augsburg,75,79,6.0
Sandro,27,Las Palmas,75,75,6.0
T. Fountas,27,Trabzonspor,75,75,6.0
P. Mainka,28,Heidenheim,75,76,5.5
T. Čvančara,22,Borussia Mönchengladbach,75,80,8.5
Denis Suárez,29,Villarreal,75,75,5.5
Z. Sanusi,26,Porto,75,76,6.0
O. Edouard,25,Crystal Palace,75,78,7.5
Nuno Tavares,23,Nottingham Forest,75,79,7.5
João Pedro,21,Brighton & Hove Albion,75,83,12.5
Juan Cruz,30,Osasuna,75,75,4.8
M. Rits,29,Anderlecht,75,75,4.8
F. Tait,30,Samsunspor,75,75,5.5
Hong Hyeon Seok,24,Gent,75,79,8.0
M. Hermansen,22,Leicester City,75,84,11.0
D. Origi,28,Nottingham Forest,75,75,6.0
Marcão,29,Fatih Karagümrük,75,75,5.5
Barrenetxea,21,Real Sociedad,75,83,12.5
M. Ngadeu,32,Beijing Guoan,75,75,3.6
P. Zinckernagel,28,Club Brugge,75,75,5.5
K. Diatta,24,Monaco,75,78,7.5
M. Diaw,30,Clermont,75,76,4.2
M. Gabbia,23,Milan,75,82,10.5
A. Ounahi,23,Olympique de Marseille,75-1,80-1,8.5
F. Guilbert,28,Strasbourg,75,75,5.0
C. Ramírez,28,Ferencváros,75,75,5.0
L. Shankland,27,Hearts,75,75,6.0
H. Aouar,25,Roma,75,79,8.0
A. Meyer,32,Borussia Dortmund,75,75,2.8
T. Pukki,33,Minnesota United,75,75,3.6
C. Goldson,30,Rangers,75,75,4.6
T. Pobega,23,Milan,75,80,8.5
O. Lingr,24,Feyenoord,75,80,8.5
C. Aquino,31,Vélez Sarsfield,75,75,4.7
T. Asano,28,VfL Bochum 1848,75,75,5.5
A. Bareiro,26,San Lorenzo,75,75,6.0
J. Larsen,23,Celta de Vigo,75,82,11.5
N. Collins,22,Brentford,75,82,10.5
J. Steele,32,Brighton & Hove Albion,75,75,2.8
M. Vitík,20,Sparta Praha,75,82,10.5
M. Beier,20,TSG Hoffenheim,75,84,12.5
H. Reed,28,Fulham,75,75,4.9
A. Hanche-Olsen,26,FSV Mainz 05,75,78,6.5
M. Bülter,30,TSG Hoffenheim,75,75,5.5
J. Haberer,29,FC Union Berlin,75,75,5.5
D. James,25,Leeds United,75,76,6.5
M. Wolf,28,Borussia Dortmund,75,75,5.0
Marc Roca,26,Real Betis,75,78,6.5
J. Vagnoman,22,VfB Stuttgart,75,79,7.5
Gabriel Strefezza,26,Como,75,75-1,6.0
J. Mateta,26,Crystal Palace,75,77,7.0
Adryelson,25,Olympique Lyonnais,75,79,7.0
E. Martel,21,FC Köln,75,85,12.0
M. Camara,25,Stade Brestois 29,75,78,7.5
R. Calafiori,21,Bologna,75,84,12.0
Kike Barja,26,Osasuna,75,75,6.0
S. Serdar,26,Hellas Verona,75,76,6.5
André Almeida,23,Valencia,75,81,9.0
C. Kouyaté,33,Nottingham Forest,75,75,2.8
M. Kumbulla,23,Sassuolo,75,79,7.0
Kaíquão Castro,27,Fluminense,75,75,4.3
A. Brignoli,31,Panathinaikos,75,75,3.0
T. Hamed,34,Damac,75,75,1.9
F. Mancuello,34,Independiente,75,75,2.6
R. Gagliardini,29,Monza,75,75,4.8
C. Lema,33,Boca Juniors,75,75,2.7
R. Bellanova,23,Torino,75,80,8.0
F. Reese,25,Hertha BSC,75,76,6.5
J. Lotomba,24,Nice,75,78,7.0
M. Vandevoordt,21,Genk,75,84,11.0
Cote,33,Sporting Gijón,75,75,2.9
Danisco Fachini,35,Flamengo,75,75,1.6
J. Bellegarde,25,Wolverhampton Wanderers,75,79,8.0
Terrats,22,Villarreal,75,82,11.5
V. Claesson,31,København,75,75,4.6
N. Raskin,22,Rangers,75,84,12.5
B. Verbruggen,20,Brighton & Hove Albion,75,85,10.5
Adama Traoré,27,Fulham,75,75,6.0
R. Olsen,33,Aston Villa,75,75,1.8
Joo Min Kyu,33,Ulsan,75,75,3.6
Cesinha,33,Daegu,75,75,3.6
Raíllo,31,Mallorca,75,75,3.8
D. Gazdag,27,Philadelphia Union,75,75,6.0
L. Augustinsson,29,Anderlecht,75,75,4.9
Léo Duarte,26,İstanbul Başakşehir,75,78,6.5
R. Holding,27,Crystal Palace,75,76,5.5
D. Mancini,26,Panathinaikos,75,75,6.0
N. Radonjić,27,Mallorca,75,75,6.0
M. Faraoni,31,Fiorentina,75,75,4.1
B. Soumaré,24,Sevilla,75,78,7.0
Edgar Badia,31,Real Zaragoza,75,75,3.0
A. Murić,24,Burnley,75,80,7.0
Rubén Pérez,34,Panathinaikos,75,75,1.9
N. Mendy,31,Lens,75,75,3.9
B. Drągowski,25,Panathinaikos,75,78,6.0
Y. Yazıcı,26,LOSC Lille,75,76,6.5
F. Uduokhai,25,FC Augsburg,75,79,7.0
Jesus Andradaldo,31,Cuiabá,75,75,4.1
B. Rollheiser,23,Benfica,75,81,9.0
P. Mwene,29,FSV Mainz 05,75,75,4.9
Rubens Freitosa,39,Athletico Paranaense,75,75,1.8
T. Cantwell,25,Rangers,75,78,7.5
J. Brekalo,25,Hajduk Split,75,78,7.5
K. Gameiro,36,Strasbourg,75,75,1.9
C. Larin,28,Mallorca,75,75,6.0
M. Sadílek,24,FC Twente,75,80,8.0
P. Max,29,Eintracht Frankfurt,75,75,4.9
J. Clarke,22,Sunderland,75,83,12.5
J. Gastien,35,Clermont,75,75,1.6
I. Zabarnyi,20,AFC Bournemouth,75,82,10.5
G. Smal,25,FC Twente,75,77,6.5
R. Zerrouki,25,Feyenoord,75,78,6.5
F. Ioannidis,23,Panathinaikos,75,80,8.5
I. Meslier,23,Leeds United,75,82,9.5
M. Dupé,30,Nice,75,75,3.7
Nacho Vidal,28,Mallorca,75,75,5.0
C. Ejuke,25,Antwerp,75,76,6.5
M. Haïdara,30,Lens,75,75,4.8
J. Beyer,23,Burnley,75,80,7.5
A. Fulgini,26,Lens,75-1,76-1,6.5
Sergio Camello,22,Rayo Vallecano,75,84,12.5
R. Sosa,23,Talleres Córdoba,75,81,9.0
M. Rodák,26,Fulham,75,78,5.5
T. Hübers,26,FC Köln,75,77,6.0
Q. Laçi,27,Sparta Praha,75,75,6.0
M. Erlić,25,Sassuolo,75,78,6.5
M. van Ewijk,22,Coventry City,75,82,11.0
A. Yarmolenko,33,Dynamo Kyiv,75,75,3.5
S. Palacios,31,Panathinaikos,75,75,4.7
S. Szmodics,27,Blackburn Rovers,75,75,6.0
Omar Mascarell,30,Mallorca,75,75,5.5
B. Mechele,30,Club Brugge,75,75,4.6
V. Malcorra,35,Rosario Central,75,75,2.3
M. Ruiz,22,Mexico,75,82,0.0
J. Shelvey,31,Rizespor,75,75,4.6
N. Pérez,23,Udinese,75,81,8.0
D. Ćaleta-Car,26,Olympique Lyonnais,75,75,5.5
T. Kaminski,30,Luton Town,75,75,3.7
R. Zalazar,23,Sporting Braga,75,81,9.0
T. Lamptey,22,Brighton & Hove Albion,75,80,8.0
J. Brownhill,27,Burnley,75,75,6.0
B. Sheaf,25,Coventry City,75,80,7.5
D. Rossi,25,Columbus Crew,75,76,6.5
D. Kohr,29,FSV Mainz 05,75,75,4.8
A. Král,25,FC Union Berlin,75,80,7.5
Z. Aboukhlal,23,Toulouse,75,81,9.0
L. González Pirez,31,River Plate,75,75,3.8
Ricardo Esgaio,30,Sporting CP,75,75,4.8
G. Hamer,26,Sheffield United,75,77,7.0
Paulo Oliveira,31,Sporting Braga,75,75,3.8
C. Kramer,32,Borussia Mönchengladbach,75,75,3.7
M. Rygaard,32,Häcken,75,75,4.4
E. Löwen,26,Saint Louis City,75,76,6.5
A. Karazor,26,VfB Stuttgart,75+1,75+1,5.5
S. Coleman,34,Everton,75,75,2.1
Y. Musah,20,Milan,75,83,12.5
Tiago Silva,30,Vitória SC,75,75,5.5
R. Zentner,28,FSV Mainz 05,75,77,4.8
D. Kotarski,23,PAOK,75,80,7.0
S. Berge,25,Burnley,75+1,78+1,7.5
Fali,29,Cádiz,75,75,4.7
J. Gallardo,28,Mexico,75,75,0.0
M. Elneny,30,Arsenal,75,75,4.7
K. Zachariassen,29,Ferencváros,75,75,5.5
Sivera,26,Deportivo Alavés,74,77,4.2
P. Tietz,25,FC Augsburg,74,76,5.5
Mardial Cunha,23,Fortaleza,74,74,4.2
P. Struijk,23,Leeds United,74,79,6.0
H. Magnetti,25,Stade Brestois 29,74,77,5.0
B. Godfrey,25,Everton,74,76,4.7
Dani Cárdenas,26,Rayo Vallecano,74,78,4.5
D. de Wit,25,AZ Alkmaar,74,76,5.5
Ivi López,29,Raków Częstochowa,74,74,4.2
E. Fernandes,27,FSV Mainz 05,74,76,4.5
B. Manuel,26,Burnley,74,74,4.6
D. Okereke,25,Torino,74,77,5.5
A. Gunn,27,Norwich City,74,75,3.6
H. Kamara,29,Udinese,74,74,3.7
Neto Borges,26,Clermont,74,74,4.2
P. De Blasis,35,Gimnasia La Plata,74,74,1.7
M. Zajc,29,Fenerbahçe,74,74,4.1
Aarón,26,Genoa,74,75-2,4.5
I. Hagi,24,Deportivo Alavés,74,79,6.5
N. Fernández,27,Defensa y Justicia,74,74,4.6
Gustavo Sauer,30,Rizespor,74,74,4.1
Aitor,27,Panathinaikos,74,74,4.5
F. Gattoni,24,Anderlecht,74,80,6.0
D. Rensch,20,Ajax,74,82,9.0
L. López,33,Al Khaleej,74,74,2.0
A. Broja,21,Fulham,74,82,9.5
E. Dinkçi,21,Heidenheim,74,80,7.0
Z. Flemming,24,Millwall,74,76,5.5
K. Mac Allister,25,Union Saint-Gilloise,74,77,5.0
D. Díaz,37,Barcelona Guayaquil,74,74,1.4
A. Adams,23,Montpellier,74,81,8.5
Y. Lodygin,33,Panathinaikos,74,74,1.4
I. Marcone,33,Independiente,74,74,2.1
Unai García,30,Osasuna,74,74,3.5
Edercinho Sepa,23,Botafogo,74,74,4.3
A. Zendejas,25,United States,74,75,0.0
M. McKenzie,24,Genk,74,79,6.0
D. Ljubičić,25,FC Köln,74,75,5.0
O. Sahraoui,22,SC Heerenveen,74+1,83,9.5
C. Grenier,32,Racing Santander,74,74,3.3
J. Sánchez,25,Porto,74,76,4.9
S. van den Berg,21,FSV Mainz 05,74+1,82,9.0
J. Denayer,28,Al Fateh,74,75,4.0
E. Ferguson,18,Brighton & Hove Albion,74,86,10.0
